name,label
.\dataset\test_a\00B7EQA2MJ.wav,gummies
.\dataset\test_a\00ISO9XPIQ.wav,chips
.\dataset\test_a\01CF45NDOQ.wav,aloe
.\dataset\test_a\039RA8859M.wav,ribs
.\dataset\test_a\03KSQR5VOP.wav,chocolate
.\dataset\test_a\03Y3FIOUO0.wav,salmon
.\dataset\test_a\0455X78BKA.wav,cabbage
.\dataset\test_a\04FH6X2XVQ.wav,carrots
.\dataset\test_a\0694NSM4HI.wav,burger
.\dataset\test_a\06EFVEILBU.wav,carrots
.\dataset\test_a\06QVQIPCFB.wav,carrots
.\dataset\test_a\07OLX262MW.wav,jelly
.\dataset\test_a\08KSDPRW08.wav,noodles
.\dataset\test_a\08PKAZX06P.wav,ribs
.\dataset\test_a\08WS6BLQ8K.wav,noodles
.\dataset\test_a\09OAV2QN75.wav,gummies
.\dataset\test_a\09QMCKTEFP.wav,pizza
.\dataset\test_a\0AAFP7S8UW.wav,chips
.\dataset\test_a\0C6UZHLH28.wav,chocolate
.\dataset\test_a\0CLUIJNLLW.wav,drinks
.\dataset\test_a\0CWLJ3HLHK.wav,carrots
.\dataset\test_a\0D69O4NADZ.wav,drinks
.\dataset\test_a\0DB3XBSGXF.wav,chocolate
.\dataset\test_a\0DM5TVLQAR.wav,pizza
.\dataset\test_a\0EE3KWXDDX.wav,fries
.\dataset\test_a\0EEJKD1DML.wav,ice-cream
.\dataset\test_a\0FCI2M74OH.wav,jelly
.\dataset\test_a\0GBV5IT574.wav,pizza
.\dataset\test_a\0GM4P8O8NP.wav,aloe
.\dataset\test_a\0H2P3NT3FI.wav,aloe
.\dataset\test_a\0H41M7RDOU.wav,gummies
.\dataset\test_a\0HDD0DS0XG.wav,salmon
.\dataset\test_a\0HRLQT2322.wav,gummies
.\dataset\test_a\0HSSID4H4J.wav,ice-cream
.\dataset\test_a\0I4UEL6WPS.wav,wings
.\dataset\test_a\0I8O8BUG4U.wav,carrots
.\dataset\test_a\0IO3R4ZAD7.wav,salmon
.\dataset\test_a\0JK6N49543.wav,pickles
.\dataset\test_a\0K620L1YM3.wav,cabbage
.\dataset\test_a\0L0NPZJVM6.wav,pickles
.\dataset\test_a\0LV8IK3AEF.wav,grapes
.\dataset\test_a\0M8MW28H7D.wav,chocolate
.\dataset\test_a\0MB0YSDYYK.wav,pizza
.\dataset\test_a\0ME4ARLPIK.wav,burger
.\dataset\test_a\0NH7P7ZGJ0.wav,jelly
.\dataset\test_a\0OTS5SHBQR.wav,pickles
.\dataset\test_a\0P7OFOYDEW.wav,aloe
.\dataset\test_a\0PFLROVZ69.wav,chocolate
.\dataset\test_a\0PHK1SW0G3.wav,salmon
.\dataset\test_a\0PKQCCD1MB.wav,carrots
.\dataset\test_a\0Q5HUTZPFL.wav,soup
.\dataset\test_a\0QTMMIESUD.wav,pizza
.\dataset\test_a\0RIKDZ6KAK.wav,burger
.\dataset\test_a\0RJBB4M5C0.wav,chips
.\dataset\test_a\0RJT3VC2W4.wav,jelly
.\dataset\test_a\0TPZO8OWBY.wav,gummies
.\dataset\test_a\0U1N9A13JK.wav,noodles
.\dataset\test_a\0V4T6V320C.wav,candied_fruits
.\dataset\test_a\0W6BVAOL7H.wav,grapes
.\dataset\test_a\0YDQNPUPAR.wav,wings
.\dataset\test_a\0YKEOJNE4B.wav,chips
.\dataset\test_a\0ZKDH0E34J.wav,gummies
.\dataset\test_a\109YA37HKI.wav,ice-cream
.\dataset\test_a\10SK6KPA8X.wav,ice-cream
.\dataset\test_a\11DSTXBETX.wav,jelly
.\dataset\test_a\121IV5HI0B.wav,candied_fruits
.\dataset\test_a\13FW6XAWY4.wav,chocolate
.\dataset\test_a\13SKZ74VSQ.wav,pizza
.\dataset\test_a\13WNU8HHSW.wav,chips
.\dataset\test_a\14X8IQJF9Y.wav,ribs
.\dataset\test_a\16A44N1HEN.wav,carrots
.\dataset\test_a\16G82QZPX3.wav,salmon
.\dataset\test_a\178YAMAJ4N.wav,wings
.\dataset\test_a\18S8JQAZ0T.wav,chips
.\dataset\test_a\1AAPGY1G6G.wav,noodles
.\dataset\test_a\1BJ1Y748BV.wav,carrots
.\dataset\test_a\1BKQJIZHTB.wav,fries
.\dataset\test_a\1BMAXGATKQ.wav,salmon
.\dataset\test_a\1BNO1N4KM1.wav,burger
.\dataset\test_a\1DC8ZL4G2A.wav,jelly
.\dataset\test_a\1FY6K67BYD.wav,pizza
.\dataset\test_a\1G8GAEYPI4.wav,ribs
.\dataset\test_a\1GVZEWCKEC.wav,carrots
.\dataset\test_a\1IBKCNRJ5R.wav,wings
.\dataset\test_a\1IJBK7WJVF.wav,aloe
.\dataset\test_a\1IWI4KUYCW.wav,wings
.\dataset\test_a\1IZN3LVVT4.wav,carrots
.\dataset\test_a\1JAC8KY78V.wav,ribs
.\dataset\test_a\1K1GTW4B2L.wav,ribs
.\dataset\test_a\1L8I8OB4S7.wav,carrots
.\dataset\test_a\1NRT7ZP9T7.wav,fries
.\dataset\test_a\1NYEMAXAGW.wav,ribs
.\dataset\test_a\1OWR58VW1S.wav,fries
.\dataset\test_a\1PFBQPZVOA.wav,noodles
.\dataset\test_a\1PQBUPLTBL.wav,ribs
.\dataset\test_a\1PRLCHPZAE.wav,chips
.\dataset\test_a\1PSMEL08W2.wav,drinks
.\dataset\test_a\1PWAKTW21M.wav,burger
.\dataset\test_a\1QVCNXBDH0.wav,candied_fruits
.\dataset\test_a\1QYSMBOWO5.wav,burger
.\dataset\test_a\1R9CXXO51F.wav,carrots
.\dataset\test_a\1SM84U7UC3.wav,salmon
.\dataset\test_a\1SSPZ8LM42.wav,ribs
.\dataset\test_a\1TNWAU6NOV.wav,salmon
.\dataset\test_a\1U7E2R41JI.wav,pizza
.\dataset\test_a\1ULW48HANW.wav,noodles
.\dataset\test_a\1UN9B5INRP.wav,ribs
.\dataset\test_a\1VACZUQX08.wav,gummies
.\dataset\test_a\1VXIUVNB2K.wav,ice-cream
.\dataset\test_a\1WEHR2J1UG.wav,chips
.\dataset\test_a\1XC0D64ZUA.wav,salmon
.\dataset\test_a\1XZF579PWC.wav,carrots
.\dataset\test_a\1Y7H3MKYXD.wav,candied_fruits
.\dataset\test_a\1YHG3EFBQ9.wav,gummies
.\dataset\test_a\1YNUW06IG7.wav,candied_fruits
.\dataset\test_a\1YP76M0UD8.wav,ice-cream
.\dataset\test_a\1Z3YCDGULN.wav,pizza
.\dataset\test_a\2168EFF0EP.wav,ice-cream
.\dataset\test_a\216BI9BE9C.wav,carrots
.\dataset\test_a\21BXSGTP0F.wav,ice-cream
.\dataset\test_a\21EUCIN7WB.wav,fries
.\dataset\test_a\21IR8CCBNF.wav,pickles
.\dataset\test_a\2347XLINY4.wav,grapes
.\dataset\test_a\23G0MBNKJM.wav,ribs
.\dataset\test_a\23GHO7NHAX.wav,pizza
.\dataset\test_a\23X8CK38IC.wav,grapes
.\dataset\test_a\23Y82KDUE5.wav,burger
.\dataset\test_a\24BGQ4AVID.wav,fries
.\dataset\test_a\24KW8D863I.wav,candied_fruits
.\dataset\test_a\24VOM2TMZV.wav,ribs
.\dataset\test_a\25Z9EA5JVJ.wav,candied_fruits
.\dataset\test_a\26T8IC3QE0.wav,ribs
.\dataset\test_a\27GT1XC7HT.wav,chips
.\dataset\test_a\2853QS94BC.wav,gummies
.\dataset\test_a\293SFLKUOU.wav,gummies
.\dataset\test_a\29BKIHLLLL.wav,wings
.\dataset\test_a\29UV8SHOIJ.wav,fries
.\dataset\test_a\29WZGMFK9M.wav,pizza
.\dataset\test_a\2AXR3XSF6E.wav,noodles
.\dataset\test_a\2AZPFRXEZK.wav,grapes
.\dataset\test_a\2BQ0QSWLYJ.wav,pickles
.\dataset\test_a\2C3H49PP5T.wav,ice-cream
.\dataset\test_a\2CGYB53VJF.wav,wings
.\dataset\test_a\2CXGTG1OES.wav,ice-cream
.\dataset\test_a\2DCNC1C1XN.wav,pizza
.\dataset\test_a\2DFMLTHS2L.wav,fries
.\dataset\test_a\2DFRJP0CDC.wav,pizza
.\dataset\test_a\2E2NLSJMGV.wav,pizza
.\dataset\test_a\2E5BQYIAJY.wav,fries
.\dataset\test_a\2F68QFDLDB.wav,gummies
.\dataset\test_a\2FLGQFWET0.wav,drinks
.\dataset\test_a\2GG756EVOI.wav,noodles
.\dataset\test_a\2HWEH5IHJO.wav,fries
.\dataset\test_a\2IC3VRQ8YD.wav,salmon
.\dataset\test_a\2J8FVJTWLA.wav,fries
.\dataset\test_a\2JCHLSNPMB.wav,burger
.\dataset\test_a\2JPYVO39MF.wav,jelly
.\dataset\test_a\2JZYEK1YEM.wav,drinks
.\dataset\test_a\2KM30Y9CFV.wav,pizza
.\dataset\test_a\2KTFPEXGU8.wav,ribs
.\dataset\test_a\2L6I35ZNRF.wav,chips
.\dataset\test_a\2LBDR2DQ5T.wav,cabbage
.\dataset\test_a\2LEHOHPQH0.wav,aloe
.\dataset\test_a\2LV70892W2.wav,fries
.\dataset\test_a\2N05NYOAEB.wav,pizza
.\dataset\test_a\2NAGAES9W9.wav,fries
.\dataset\test_a\2OJP8YJ44M.wav,gummies
.\dataset\test_a\2OOEMLKFJL.wav,candied_fruits
.\dataset\test_a\2P94AZ3MVV.wav,carrots
.\dataset\test_a\2PCGW32CQO.wav,candied_fruits
.\dataset\test_a\2RCRHUJKVG.wav,cabbage
.\dataset\test_a\2SS6J9R6FL.wav,drinks
.\dataset\test_a\2WBQCGXTI9.wav,chips
.\dataset\test_a\2WP5YKUNV2.wav,salmon
.\dataset\test_a\2X4POSQFWP.wav,fries
.\dataset\test_a\2XA1LALKG5.wav,cabbage
.\dataset\test_a\2XEH8OYGC3.wav,aloe
.\dataset\test_a\2YAAL1OVGT.wav,wings
.\dataset\test_a\2YJD3T7EAD.wav,carrots
.\dataset\test_a\2YS5ZF1L4U.wav,gummies
.\dataset\test_a\2YWJRCUZQQ.wav,carrots
.\dataset\test_a\2Z6HP4PKLE.wav,grapes
.\dataset\test_a\30K1VKQZ4F.wav,aloe
.\dataset\test_a\31H81XQFI2.wav,aloe
.\dataset\test_a\31VLIZOVIB.wav,gummies
.\dataset\test_a\31W2EUQC57.wav,chocolate
.\dataset\test_a\33DZAN9YI0.wav,gummies
.\dataset\test_a\33H5CACN8W.wav,pickles
.\dataset\test_a\33TSV3ZIDV.wav,jelly
.\dataset\test_a\34CYM2QBN4.wav,ribs
.\dataset\test_a\34DDXTMXUT.wav,carrots
.\dataset\test_a\34X3P8GF05.wav,gummies
.\dataset\test_a\35TMBQG219.wav,gummies
.\dataset\test_a\36068X7LVG.wav,chocolate
.\dataset\test_a\36Z0O91OD5.wav,grapes
.\dataset\test_a\38Y2BFS60T.wav,cabbage
.\dataset\test_a\39HDWS7H7B.wav,noodles
.\dataset\test_a\39W9DPJT27.wav,fries
.\dataset\test_a\39Y4RUUEGC.wav,burger
.\dataset\test_a\3CBQQ1OZMG.wav,carrots
.\dataset\test_a\3D6PYTF8Y7.wav,carrots
.\dataset\test_a\3DS2G56EWW.wav,chips
.\dataset\test_a\3EIQINXM17.wav,ice-cream
.\dataset\test_a\3FNCGQLX8C.wav,pizza
.\dataset\test_a\3G5CNLR411.wav,fries
.\dataset\test_a\3GL1IW6703.wav,candied_fruits
.\dataset\test_a\3GM9U9HAKL.wav,cabbage
.\dataset\test_a\3HV196D24I.wav,candied_fruits
.\dataset\test_a\3HVS1XOJ48.wav,carrots
.\dataset\test_a\3I7L6QLMO0.wav,cabbage
.\dataset\test_a\3ITH5DYEUI.wav,grapes
.\dataset\test_a\3JK0PTULZK.wav,ribs
.\dataset\test_a\3JTFE53ICP.wav,cabbage
.\dataset\test_a\3M8H00UO1J.wav,gummies
.\dataset\test_a\3MG7JSTXBM.wav,pizza
.\dataset\test_a\3MLBWS1XSE.wav,candied_fruits
.\dataset\test_a\3MX37I9POQ.wav,cabbage
.\dataset\test_a\3N2VYME4E7.wav,chocolate
.\dataset\test_a\3OFAO3G86F.wav,wings
.\dataset\test_a\3OISQCP57B.wav,chips
.\dataset\test_a\3OMVYTIGEB.wav,candied_fruits
.\dataset\test_a\3QEMWHYDOY.wav,ice-cream
.\dataset\test_a\3R1VHOE0T2.wav,gummies
.\dataset\test_a\3R4INU1IJD.wav,drinks
.\dataset\test_a\3S19VYAN8Z.wav,gummies
.\dataset\test_a\3SDNTTN9QO.wav,chips
.\dataset\test_a\3SFEDD2PY1.wav,carrots
.\dataset\test_a\3SS9T5RZAE.wav,chips
.\dataset\test_a\3TKL8R1ILV.wav,burger
.\dataset\test_a\3V28SOQA99.wav,ice-cream
.\dataset\test_a\3VSYMMIES1.wav,salmon
.\dataset\test_a\3WBF2SE0HD.wav,burger
.\dataset\test_a\3WHTE1BVSU.wav,candied_fruits
.\dataset\test_a\3X0PX3WWK0.wav,salmon
.\dataset\test_a\3X8J4LR2YU.wav,burger
.\dataset\test_a\3XI1RQ9JQB.wav,salmon
.\dataset\test_a\40Y4ANWWOT.wav,jelly
.\dataset\test_a\41L5CKTFB0.wav,cabbage
.\dataset\test_a\4250OZ96L8.wav,gummies
.\dataset\test_a\44IG8AODIY.wav,ice-cream
.\dataset\test_a\45BZ35SV25.wav,grapes
.\dataset\test_a\45MFMQL3GB.wav,carrots
.\dataset\test_a\461GZWGLB9.wav,candied_fruits
.\dataset\test_a\46OVCZK8GB.wav,fries
.\dataset\test_a\47NQV863ZV.wav,gummies
.\dataset\test_a\47SST6X1QV.wav,salmon
.\dataset\test_a\49GN41JKY1.wav,fries
.\dataset\test_a\49MJI73PM4.wav,chips
.\dataset\test_a\4A7KE2I0O5.wav,noodles
.\dataset\test_a\4AFUU8Z8GH.wav,pizza
.\dataset\test_a\4CEP9PO90R.wav,pickles
.\dataset\test_a\4DSR2IIP04.wav,ice-cream
.\dataset\test_a\4E4XMJTJWU.wav,drinks
.\dataset\test_a\4F2X4T90R3.wav,chips
.\dataset\test_a\4FC8O8PKW4.wav,jelly
.\dataset\test_a\4FKZKNUJE4.wav,gummies
.\dataset\test_a\4FNLU0B50A.wav,grapes
.\dataset\test_a\4GJYG2SP0A.wav,fries
.\dataset\test_a\4GS01ZJ6C6.wav,ribs
.\dataset\test_a\4GSXAFF15V.wav,ice-cream
.\dataset\test_a\4GU8O2X7SU.wav,jelly
.\dataset\test_a\4HLNY83ZPE.wav,burger
.\dataset\test_a\4IKL9L14P5.wav,chips
.\dataset\test_a\4J0J4ESJU2.wav,gummies
.\dataset\test_a\4J5VKAQT83.wav,ribs
.\dataset\test_a\4JFXOHK1L6.wav,gummies
.\dataset\test_a\4K9LSN2NQ3.wav,pizza
.\dataset\test_a\4KL332F6EJ.wav,ice-cream
.\dataset\test_a\4KSFWV7OVU.wav,carrots
.\dataset\test_a\4KSY3LR45K.wav,carrots
.\dataset\test_a\4KXKDUTM6C.wav,grapes
.\dataset\test_a\4LAEFSOIRH.wav,pickles
.\dataset\test_a\4LB27Y0IOX.wav,noodles
.\dataset\test_a\4LPD27A4QJ.wav,burger
.\dataset\test_a\4M95IKUITQ.wav,ice-cream
.\dataset\test_a\4NI2XNUFE4.wav,gummies
.\dataset\test_a\4O8VPBEP0W.wav,drinks
.\dataset\test_a\4OCSBP8E8G.wav,candied_fruits
.\dataset\test_a\4OX7ISHQ2Q.wav,salmon
.\dataset\test_a\4PG34CE9HB.wav,pizza
.\dataset\test_a\4PWDHE1AKP.wav,ice-cream
.\dataset\test_a\4Q7FMY8SQC.wav,jelly
.\dataset\test_a\4T68G25JND.wav,ribs
.\dataset\test_a\4T8QT9EB89.wav,aloe
.\dataset\test_a\4TCF6SG1IV.wav,gummies
.\dataset\test_a\4U7OJJ4XAK.wav,ribs
.\dataset\test_a\4XLDBR7Z31.wav,carrots
.\dataset\test_a\4XN84LUL9G.wav,ribs
.\dataset\test_a\4Y0CL65IFE.wav,soup
.\dataset\test_a\4Y3XRZ0ENA.wav,candied_fruits
.\dataset\test_a\4Z2T7AGPJM.wav,gummies
.\dataset\test_a\4ZGNTLRO5D.wav,ribs
.\dataset\test_a\504YNIWQ8S.wav,fries
.\dataset\test_a\50BD8TWJ3G.wav,cabbage
.\dataset\test_a\525S000OMU.wav,carrots
.\dataset\test_a\528AQT27FF.wav,aloe
.\dataset\test_a\52NG7ARXKR.wav,chips
.\dataset\test_a\54P0UEHG6P.wav,candied_fruits
.\dataset\test_a\54QQVBPXSV.wav,pizza
.\dataset\test_a\55B3EE2RY9.wav,salmon
.\dataset\test_a\56DFHBFURG.wav,chocolate
.\dataset\test_a\573CJ5889I.wav,grapes
.\dataset\test_a\582GMD6KE6.wav,cabbage
.\dataset\test_a\588WAVECCA.wav,cabbage
.\dataset\test_a\58GXJMOYHO.wav,gummies
.\dataset\test_a\591R08RC2A.wav,aloe
.\dataset\test_a\5ABX5R7DG9.wav,aloe
.\dataset\test_a\5ACFWYHB47.wav,carrots
.\dataset\test_a\5APQ13KOB0.wav,salmon
.\dataset\test_a\5B4YP4WG0K.wav,candied_fruits
.\dataset\test_a\5C114WUKXG.wav,grapes
.\dataset\test_a\5DE3FB3FYQ.wav,carrots
.\dataset\test_a\5DM1FX69IL.wav,noodles
.\dataset\test_a\5DV1FSXAH9.wav,pizza
.\dataset\test_a\5EXTXY2IEK.wav,salmon
.\dataset\test_a\5FT0R81SII.wav,cabbage
.\dataset\test_a\5FVHXXIV36.wav,gummies
.\dataset\test_a\5G0TXNJ27I.wav,carrots
.\dataset\test_a\5GQ22K3TNJ.wav,grapes
.\dataset\test_a\5H0BZF73LC.wav,ribs
.\dataset\test_a\5I4I5F6PUB.wav,pickles
.\dataset\test_a\5IQFKIRJK3.wav,gummies
.\dataset\test_a\5JE0S5AJ7T.wav,chips
.\dataset\test_a\5K52QMUDH6.wav,drinks
.\dataset\test_a\5L4FC9MU6E.wav,burger
.\dataset\test_a\5L9K38YST6.wav,aloe
.\dataset\test_a\5LOM5PJSV2.wav,salmon
.\dataset\test_a\5M79VSPGCN.wav,chips
.\dataset\test_a\5NAH7M6UKC.wav,chips
.\dataset\test_a\5QXRP45NJ2.wav,grapes
.\dataset\test_a\5R2ZZ93IPC.wav,wings
.\dataset\test_a\5STU0R06AM.wav,soup
.\dataset\test_a\5T3TEAC8RM.wav,soup
.\dataset\test_a\5TE6O730TY.wav,fries
.\dataset\test_a\5U4S2LI4JA.wav,ribs
.\dataset\test_a\5VBVU2L6GW.wav,ice-cream
.\dataset\test_a\5VVBQ1XM82.wav,candied_fruits
.\dataset\test_a\5VVBWFSWYG.wav,ribs
.\dataset\test_a\5X98IVFEV3.wav,grapes
.\dataset\test_a\5XTFNMNAAZ.wav,gummies
.\dataset\test_a\5XWUIP9B11.wav,ice-cream
.\dataset\test_a\5Y4622MRN6.wav,aloe
.\dataset\test_a\5Z1XMJKCY5.wav,candied_fruits
.\dataset\test_a\60AO2H3B1I.wav,fries
.\dataset\test_a\60SL1ADVN8.wav,carrots
.\dataset\test_a\61GCQL4P8A.wav,grapes
.\dataset\test_a\623RL5D0XY.wav,gummies
.\dataset\test_a\624BZJTQFK.wav,ribs
.\dataset\test_a\62Q4N6AQWG.wav,salmon
.\dataset\test_a\63WL0CV70S.wav,jelly
.\dataset\test_a\64G4VZBP1A.wav,chips
.\dataset\test_a\64GR1H6DPD.wav,carrots
.\dataset\test_a\65XIM234H7.wav,candied_fruits
.\dataset\test_a\66170M8UXF.wav,cabbage
.\dataset\test_a\673CBIYFSF.wav,candied_fruits
.\dataset\test_a\68I6SLB7QK.wav,soup
.\dataset\test_a\68YLEK32W8.wav,pizza
.\dataset\test_a\690NSPAJPH.wav,ribs
.\dataset\test_a\693RUXA26V.wav,candied_fruits
.\dataset\test_a\6A4FWL2K1R.wav,gummies
.\dataset\test_a\6B6DY91U9U.wav,salmon
.\dataset\test_a\6B9EL7Z31W.wav,noodles
.\dataset\test_a\6BB33AWR38.wav,cabbage
.\dataset\test_a\6BWTSWEE8E.wav,gummies
.\dataset\test_a\6C183HYCV3.wav,salmon
.\dataset\test_a\6CVTJEYSH8.wav,drinks
.\dataset\test_a\6D9ZVYHWGK.wav,ribs
.\dataset\test_a\6EYGYOPX6Z.wav,aloe
.\dataset\test_a\6FYKGNGFFU.wav,noodles
.\dataset\test_a\6IR47R499S.wav,salmon
.\dataset\test_a\6IYWCK9O4D.wav,wings
.\dataset\test_a\6IZT4GCM8G.wav,soup
.\dataset\test_a\6K0KLZQ4G2.wav,pickles
.\dataset\test_a\6K4KTWMWM2.wav,fries
.\dataset\test_a\6L866IIFUR.wav,burger
.\dataset\test_a\6LMTI160Q2.wav,chips
.\dataset\test_a\6LSDDOUPP5.wav,jelly
.\dataset\test_a\6M0VULZED4.wav,chips
.\dataset\test_a\6MGTWRJGO2.wav,drinks
.\dataset\test_a\6NNB9UATPH.wav,ice-cream
.\dataset\test_a\6O2V18OMP4.wav,burger
.\dataset\test_a\6OJYI06JRN.wav,pizza
.\dataset\test_a\6OYZWRM5AO.wav,pizza
.\dataset\test_a\6PGDQ6EJQQ.wav,carrots
.\dataset\test_a\6PPU47TIEY.wav,fries
.\dataset\test_a\6Q6GO26EN4.wav,ice-cream
.\dataset\test_a\6QXNNNZK16.wav,grapes
.\dataset\test_a\6SO3REHXWO.wav,ice-cream
.\dataset\test_a\6UEP2AP2QH.wav,pizza
.\dataset\test_a\6VR72ZJ8GD.wav,aloe
.\dataset\test_a\6WCLLK5RUW.wav,fries
.\dataset\test_a\6WQRNYYCIC.wav,ice-cream
.\dataset\test_a\6XB6PNNR1N.wav,pizza
.\dataset\test_a\6XSY7YX8O8.wav,candied_fruits
.\dataset\test_a\6XYX5IKVRE.wav,gummies
.\dataset\test_a\6ZJSWXAT8C.wav,chips
.\dataset\test_a\70RU9PCO6G.wav,soup
.\dataset\test_a\70YOYGLT1J.wav,pickles
.\dataset\test_a\7108U98R8X.wav,ribs
.\dataset\test_a\71Q1TZ14IA.wav,ice-cream
.\dataset\test_a\71XS0TTMI4.wav,wings
.\dataset\test_a\72BX9KEHMB.wav,ribs
.\dataset\test_a\7469RHG6ED.wav,burger
.\dataset\test_a\74B0CI8K5I.wav,noodles
.\dataset\test_a\74GHXK1F7M.wav,salmon
.\dataset\test_a\74Z0PTZX11.wav,fries
.\dataset\test_a\76LHTYQF9Z.wav,wings
.\dataset\test_a\78JS73AU0T.wav,candied_fruits
.\dataset\test_a\7AJWL5FS2F.wav,pickles
.\dataset\test_a\7BKE84YJAZ.wav,cabbage
.\dataset\test_a\7CEHHBP8V7.wav,cabbage
.\dataset\test_a\7ED4MSEZRI.wav,candied_fruits
.\dataset\test_a\7ES04DQYJT.wav,aloe
.\dataset\test_a\7F9X9UB23M.wav,wings
.\dataset\test_a\7FK93C1806.wav,candied_fruits
.\dataset\test_a\7FV0X9CJOJ.wav,chips
.\dataset\test_a\7G0HEN9QS8.wav,pizza
.\dataset\test_a\7HBSN53A0M.wav,gummies
.\dataset\test_a\7JAWZEFL6U.wav,ribs
.\dataset\test_a\7JDY14MBXC.wav,salmon
.\dataset\test_a\7JNGH6HJ9Y.wav,grapes
.\dataset\test_a\7K6YXOV5JU.wav,wings
.\dataset\test_a\7KGFK50OG3.wav,fries
.\dataset\test_a\7KT0ME8YJL.wav,fries
.\dataset\test_a\7LB224477L.wav,pickles
.\dataset\test_a\7MA1Y9LGRU.wav,chips
.\dataset\test_a\7MNKL9J7RE.wav,ribs
.\dataset\test_a\7NH3LH3ZUN.wav,pickles
.\dataset\test_a\7NTRI2J4KV.wav,pizza
.\dataset\test_a\7OQ7K30KDQ.wav,chips
.\dataset\test_a\7PGMH8ROFB.wav,burger
.\dataset\test_a\7QBT1Z4NWZ.wav,fries
.\dataset\test_a\7RW2GVOLDJ.wav,ribs
.\dataset\test_a\7S4RHY84A4.wav,chips
.\dataset\test_a\7SEBBE7O17.wav,grapes
.\dataset\test_a\7SFEGJ9FDL.wav,pizza
.\dataset\test_a\7TIPC1TW0A.wav,gummies
.\dataset\test_a\7W50U8Q96W.wav,cabbage
.\dataset\test_a\7X5AG37ZWX.wav,jelly
.\dataset\test_a\7X5QO784F5.wav,aloe
.\dataset\test_a\7XB98GUZ83.wav,pizza
.\dataset\test_a\7Y94QWIGE0.wav,aloe
.\dataset\test_a\7ZYUTN35SM.wav,fries
.\dataset\test_a\81FUITGRMD.wav,jelly
.\dataset\test_a\81J5M8IDXJ.wav,wings
.\dataset\test_a\81UOV8J0BR.wav,soup
.\dataset\test_a\82DD37TEP6.wav,grapes
.\dataset\test_a\82LEG2BJNA.wav,gummies
.\dataset\test_a\82P3IJREZK.wav,cabbage
.\dataset\test_a\84KARMCN1T.wav,cabbage
.\dataset\test_a\84XM6H12V3.wav,ice-cream
.\dataset\test_a\857KO06FQ7.wav,pizza
.\dataset\test_a\85VHOLJPHQ.wav,burger
.\dataset\test_a\879ATJN2C6.wav,pickles
.\dataset\test_a\87JT6QC2SQ.wav,grapes
.\dataset\test_a\88DCY0GK6P.wav,wings
.\dataset\test_a\895JPTIBJN.wav,aloe
.\dataset\test_a\89GLHBFX3T.wav,pizza
.\dataset\test_a\89X2U2DVHE.wav,burger
.\dataset\test_a\89XPFMQLGK.wav,wings
.\dataset\test_a\8B5QBQUNGY.wav,grapes
.\dataset\test_a\8BPNTDHX4F.wav,grapes
.\dataset\test_a\8BZR8W8QIA.wav,carrots
.\dataset\test_a\8C3M0CJDT0.wav,grapes
.\dataset\test_a\8CR7ZC6ALA.wav,fries
.\dataset\test_a\8DIRRCTZB2.wav,carrots
.\dataset\test_a\8DXUH7IKXK.wav,carrots
.\dataset\test_a\8EINISNWW0.wav,chips
.\dataset\test_a\8FMEXIE15R.wav,pizza
.\dataset\test_a\8FWZ2UKPYI.wav,noodles
.\dataset\test_a\8HM7AKST4E.wav,gummies
.\dataset\test_a\8HZDYTXJ09.wav,carrots
.\dataset\test_a\8ISQ2KCIMU.wav,cabbage
.\dataset\test_a\8JJHREZUGP.wav,burger
.\dataset\test_a\8JQ6ZYAH1U.wav,ice-cream
.\dataset\test_a\8JZPEO5LOJ.wav,jelly
.\dataset\test_a\8K15Z0WNLG.wav,burger
.\dataset\test_a\8KR3AS80GV.wav,carrots
.\dataset\test_a\8KRT7B43JP.wav,fries
.\dataset\test_a\8LI9UF1K1P.wav,ribs
.\dataset\test_a\8M816T6DBQ.wav,ribs
.\dataset\test_a\8MINYSENLO.wav,fries
.\dataset\test_a\8MS7BIELDG.wav,ice-cream
.\dataset\test_a\8MT6V0QQ56.wav,chocolate
.\dataset\test_a\8OQV9SM81C.wav,ribs
.\dataset\test_a\8OSO93OQ3Q.wav,gummies
.\dataset\test_a\8PIWLL0BG1.wav,gummies
.\dataset\test_a\8QNR8VHLAN.wav,salmon
.\dataset\test_a\8RNNZE1SH5.wav,carrots
.\dataset\test_a\8RRBA4R4LM.wav,aloe
.\dataset\test_a\8RX3XUONDN.wav,fries
.\dataset\test_a\8THSDKTUHY.wav,pizza
.\dataset\test_a\8TMO10O0Y5.wav,grapes
.\dataset\test_a\8TY2S78DSN.wav,ribs
.\dataset\test_a\8V8K0SIVZ3.wav,soup
.\dataset\test_a\8VOQ4SQ6EL.wav,pizza
.\dataset\test_a\8VTMQM4X5E.wav,soup
.\dataset\test_a\8VX170T18U.wav,ribs
.\dataset\test_a\8WBDP400AF.wav,burger
.\dataset\test_a\8XBPYG6VOA.wav,wings
.\dataset\test_a\8XGINXGEK8.wav,chips
.\dataset\test_a\8XILOA70I2.wav,carrots
.\dataset\test_a\8XVBH2YMOE.wav,jelly
.\dataset\test_a\8YFZ2IUK6D.wav,drinks
.\dataset\test_a\8Z0JBNT2DE.wav,candied_fruits
.\dataset\test_a\8ZZQN28X4E.wav,ribs
.\dataset\test_a\911FJAJ1BY.wav,jelly
.\dataset\test_a\91DDFYUJ6L.wav,chips
.\dataset\test_a\91ULIA8CXJ.wav,ice-cream
.\dataset\test_a\92FRYU6JEZ.wav,cabbage
.\dataset\test_a\93CXHV8TFG.wav,wings
.\dataset\test_a\94DKFTGTBD.wav,wings
.\dataset\test_a\94IG9ADNCL.wav,gummies
.\dataset\test_a\94JWC8LWTU.wav,aloe
.\dataset\test_a\94LI9NQUR9.wav,soup
.\dataset\test_a\95EF0FVFMC.wav,jelly
.\dataset\test_a\95RA10CDYL.wav,soup
.\dataset\test_a\95YK3D7O83.wav,candied_fruits
.\dataset\test_a\9696VL171Z.wav,aloe
.\dataset\test_a\975I468Z37.wav,carrots
.\dataset\test_a\97NUG4USW0.wav,ice-cream
.\dataset\test_a\97P3TS0SET.wav,candied_fruits
.\dataset\test_a\97XLMCYCNI.wav,chocolate
.\dataset\test_a\97XXN1MBQM.wav,ice-cream
.\dataset\test_a\97ZU306JDZ.wav,grapes
.\dataset\test_a\98CPK45YTP.wav,fries
.\dataset\test_a\98HRJW13XI.wav,wings
.\dataset\test_a\98NAYZYD2H.wav,ice-cream
.\dataset\test_a\98SC7AZNYE.wav,gummies
.\dataset\test_a\9AITZKYMJX.wav,salmon
.\dataset\test_a\9BGIUKKEC9.wav,pickles
.\dataset\test_a\9BY9OV7B04.wav,grapes
.\dataset\test_a\9CGZNV9UUK.wav,pickles
.\dataset\test_a\9D41YFPA3S.wav,fries
.\dataset\test_a\9DYMB25BER.wav,pizza
.\dataset\test_a\9EG33F8D6A.wav,wings
.\dataset\test_a\9EVHY9BM0I.wav,noodles
.\dataset\test_a\9GOOK006SC.wav,chocolate
.\dataset\test_a\9HMY748LPS.wav,grapes
.\dataset\test_a\9HNKGEB4L4.wav,aloe
.\dataset\test_a\9J6LYMA950.wav,burger
.\dataset\test_a\9J9S6QSOV4.wav,chocolate
.\dataset\test_a\9JC8Y63VQU.wav,salmon
.\dataset\test_a\9JFZRGCOV1.wav,ribs
.\dataset\test_a\9K3EB8U3DG.wav,carrots
.\dataset\test_a\9K9KKUP4ZW.wav,chips
.\dataset\test_a\9KFQQHQGK6.wav,carrots
.\dataset\test_a\9MMEZ2H161.wav,cabbage
.\dataset\test_a\9MPOL9L291.wav,pizza
.\dataset\test_a\9MT0TVE6MC.wav,ribs
.\dataset\test_a\9NHJIX8IPV.wav,gummies
.\dataset\test_a\9O237EODDR.wav,ice-cream
.\dataset\test_a\9P7NBG9TA5.wav,noodles
.\dataset\test_a\9QOUBXOI2C.wav,fries
.\dataset\test_a\9R3AKKHA6F.wav,chips
.\dataset\test_a\9S3QPJLPOO.wav,chips
.\dataset\test_a\9SD9FU714W.wav,carrots
.\dataset\test_a\9T87VXWZVB.wav,chips
.\dataset\test_a\9U3SJT9Y2X.wav,wings
.\dataset\test_a\9V1QU236R0.wav,fries
.\dataset\test_a\9VA2NY22AO.wav,chocolate
.\dataset\test_a\9VJFZBBJWU.wav,candied_fruits
.\dataset\test_a\9W87TLEL3G.wav,fries
.\dataset\test_a\9WPHX6LNIZ.wav,noodles
.\dataset\test_a\9X9RS5T1Y8.wav,salmon
.\dataset\test_a\9XAY2Y2NLT.wav,carrots
.\dataset\test_a\9XWBRECV8I.wav,gummies
.\dataset\test_a\9YI4T5375C.wav,aloe
.\dataset\test_a\9YPHEIKUG2.wav,gummies
.\dataset\test_a\9Z4RFARM02.wav,carrots
.\dataset\test_a\9ZARQR47A1.wav,gummies
.\dataset\test_a\9ZDI1Q5C0X.wav,noodles
.\dataset\test_a\9ZJEE4SKJ2.wav,ice-cream
.\dataset\test_a\9ZMPIH42LG.wav,grapes
.\dataset\test_a\A1YP65HXFT.wav,chocolate
.\dataset\test_a\A25CQHXFFY.wav,cabbage
.\dataset\test_a\A2625J3MRL.wav,fries
.\dataset\test_a\A3ZISQ2T1B.wav,gummies
.\dataset\test_a\A4HP7RLQG4.wav,ribs
.\dataset\test_a\A53N656426.wav,carrots
.\dataset\test_a\A5G5MRCSI7.wav,cabbage
.\dataset\test_a\A5X1YU3YQY.wav,wings
.\dataset\test_a\A6FRTGT8F1.wav,salmon
.\dataset\test_a\A6YFSPKNGD.wav,pizza
.\dataset\test_a\A76CK3US9S.wav,grapes
.\dataset\test_a\A77VDL3SW9.wav,candied_fruits
.\dataset\test_a\A7DVB0R6SF.wav,jelly
.\dataset\test_a\A7OSE22K8K.wav,wings
.\dataset\test_a\A7R5L7O18W.wav,salmon
.\dataset\test_a\A876H3286E.wav,gummies
.\dataset\test_a\A89DBDRB1O.wav,pickles
.\dataset\test_a\A9NQG3DPVU.wav,chips
.\dataset\test_a\A9RG9AFKHE.wav,chips
.\dataset\test_a\AA3BQID724.wav,carrots
.\dataset\test_a\AA7HBEN9DQ.wav,pizza
.\dataset\test_a\AAEZT29CT0.wav,cabbage
.\dataset\test_a\AAGLJ1EU72.wav,wings
.\dataset\test_a\ACE24BLVVZ.wav,candied_fruits
.\dataset\test_a\AD26L1ONEJ.wav,gummies
.\dataset\test_a\ADD82BXGRN.wav,gummies
.\dataset\test_a\ADUEBBPI50.wav,ice-cream
.\dataset\test_a\AFAIPCQAGG.wav,burger
.\dataset\test_a\AFFVBAVMSU.wav,aloe
.\dataset\test_a\AFUUXSYSC4.wav,gummies
.\dataset\test_a\AGKNPVOMOR.wav,grapes
.\dataset\test_a\AGRHN8QMYO.wav,ribs
.\dataset\test_a\AH2AXWMRAP.wav,ice-cream
.\dataset\test_a\AHK70CXP9E.wav,grapes
.\dataset\test_a\AICKC3U7TW.wav,pickles
.\dataset\test_a\AID8YFHPW1.wav,aloe
.\dataset\test_a\AJCLYIFT9J.wav,gummies
.\dataset\test_a\AJFM2GFQTX.wav,gummies
.\dataset\test_a\AJJQ6CBK5P.wav,salmon
.\dataset\test_a\AL09VXMR4G.wav,gummies
.\dataset\test_a\ALEC5GZ942.wav,aloe
.\dataset\test_a\AM7B4CCEDE.wav,grapes
.\dataset\test_a\AO88REO75E.wav,fries
.\dataset\test_a\AOQPLBQGBJ.wav,pizza
.\dataset\test_a\APSJSU1N57.wav,ribs
.\dataset\test_a\AQ1WQTLK7Q.wav,drinks
.\dataset\test_a\AQG6VVFU4U.wav,chips
.\dataset\test_a\AS0OY1GFQ8.wav,soup
.\dataset\test_a\AS8UCRJ53Q.wav,pizza
.\dataset\test_a\ASCO8ISE65.wav,gummies
.\dataset\test_a\AT7CT081QF.wav,gummies
.\dataset\test_a\ATB8H208YS.wav,candied_fruits
.\dataset\test_a\AUPHSYMAS5.wav,ice-cream
.\dataset\test_a\AV5EZ7UMXN.wav,grapes
.\dataset\test_a\AVAYZKOTEK.wav,pizza
.\dataset\test_a\AVK96VZWFC.wav,carrots
.\dataset\test_a\AX71PIBB9V.wav,gummies
.\dataset\test_a\AXJURM9OJG.wav,candied_fruits
.\dataset\test_a\AXMSUZ7RMM.wav,grapes
.\dataset\test_a\B0DCDOWVFE.wav,carrots
.\dataset\test_a\B2AK3BTHXU.wav,ice-cream
.\dataset\test_a\B2DKGVZBDB.wav,aloe
.\dataset\test_a\B2IU7TYN4J.wav,ribs
.\dataset\test_a\B2RDRB4F8M.wav,jelly
.\dataset\test_a\B2T85FUUK9.wav,grapes
.\dataset\test_a\B2VHPDWLZS.wav,jelly
.\dataset\test_a\B3IGH22W9U.wav,candied_fruits
.\dataset\test_a\B3WHSSSIYI.wav,jelly
.\dataset\test_a\B4F0IVUPNJ.wav,ribs
.\dataset\test_a\B5894V0QV3.wav,salmon
.\dataset\test_a\B5BAM3CVYU.wav,gummies
.\dataset\test_a\B5L0ECNSRH.wav,candied_fruits
.\dataset\test_a\B674GW0BBL.wav,candied_fruits
.\dataset\test_a\B6NZTYA2GL.wav,pizza
.\dataset\test_a\B6PH3JP31F.wav,gummies
.\dataset\test_a\B6R40TJA8Z.wav,fries
.\dataset\test_a\B707BD5G19.wav,cabbage
.\dataset\test_a\B7JQZSPQIL.wav,jelly
.\dataset\test_a\B88UB2SHUC.wav,ribs
.\dataset\test_a\B9CLOUTEFN.wav,drinks
.\dataset\test_a\BAYU56U3XD.wav,aloe
.\dataset\test_a\BB50KCD2O9.wav,grapes
.\dataset\test_a\BCDYV8TFXD.wav,ice-cream
.\dataset\test_a\BCN93XWS8L.wav,carrots
.\dataset\test_a\BDK9AXWRP2.wav,aloe
.\dataset\test_a\BEMLTWNTTW.wav,salmon
.\dataset\test_a\BEVQZEWT8Z.wav,carrots
.\dataset\test_a\BFP9F5U9EF.wav,ice-cream
.\dataset\test_a\BFT7Q3Z1GO.wav,chocolate
.\dataset\test_a\BI6IHOTAP9.wav,ice-cream
.\dataset\test_a\BIUM1TWZA0.wav,fries
.\dataset\test_a\BK0MPSJG87.wav,grapes
.\dataset\test_a\BK2CMZ2H9X.wav,jelly
.\dataset\test_a\BM07ZERBPQ.wav,ribs
.\dataset\test_a\BMPH2GT5BN.wav,cabbage
.\dataset\test_a\BO01FBKBWO.wav,fries
.\dataset\test_a\BOIX44Q2J2.wav,gummies
.\dataset\test_a\BOK0CVNSCF.wav,jelly
.\dataset\test_a\BPT2KG3W9S.wav,gummies
.\dataset\test_a\BRESLKCUJG.wav,noodles
.\dataset\test_a\BRPGZ9P8LR.wav,carrots
.\dataset\test_a\BSH2084Q59.wav,ice-cream
.\dataset\test_a\BU9J9PSZ7I.wav,gummies
.\dataset\test_a\BVIDX6ACBW.wav,salmon
.\dataset\test_a\BW3KDACLP3.wav,aloe
.\dataset\test_a\BWQHAOXLUQ.wav,chips
.\dataset\test_a\BX0AGOZZTY.wav,aloe
.\dataset\test_a\BXEXJIKEAH.wav,wings
.\dataset\test_a\BXPJ0AMBUQ.wav,grapes
.\dataset\test_a\BXQ60Y7L8K.wav,pickles
.\dataset\test_a\BZDGPEZB0H.wav,fries
.\dataset\test_a\BZH37851AR.wav,carrots
.\dataset\test_a\BZR7J3MEZU.wav,ice-cream
.\dataset\test_a\BZYDIAQM7E.wav,gummies
.\dataset\test_a\C00WAA9XV9.wav,pizza
.\dataset\test_a\C096FBDJ2L.wav,chips
.\dataset\test_a\C0HSMO1A1R.wav,chips
.\dataset\test_a\C0PALCVZTB.wav,gummies
.\dataset\test_a\C15KRT197C.wav,salmon
.\dataset\test_a\C194WM8S83.wav,aloe
.\dataset\test_a\C1CO90H5O3.wav,gummies
.\dataset\test_a\C26YJDOU6D.wav,chips
.\dataset\test_a\C29IS3UREA.wav,gummies
.\dataset\test_a\C2CBDX9JSU.wav,pickles
.\dataset\test_a\C2I7G3JSVM.wav,ice-cream
.\dataset\test_a\C3BTP1GJU3.wav,grapes
.\dataset\test_a\C3MH9HS1LW.wav,pizza
.\dataset\test_a\C3NAJT0LRZ.wav,carrots
.\dataset\test_a\C4MHY7QOP8.wav,salmon
.\dataset\test_a\C4UMR7B8QX.wav,salmon
.\dataset\test_a\C52FCEOUGN.wav,carrots
.\dataset\test_a\C5R8BBIA9U.wav,ice-cream
.\dataset\test_a\C6J0LORWP9.wav,aloe
.\dataset\test_a\C72UR9Z641.wav,pizza
.\dataset\test_a\C7H49C43XV.wav,noodles
.\dataset\test_a\C829LWC6K9.wav,gummies
.\dataset\test_a\C88R65VKAG.wav,chips
.\dataset\test_a\C8XHWTO4HE.wav,candied_fruits
.\dataset\test_a\C98RNTN5G1.wav,gummies
.\dataset\test_a\C9JBY5ATCS.wav,gummies
.\dataset\test_a\C9OCZF9DWZ.wav,noodles
.\dataset\test_a\CA62V014UF.wav,gummies
.\dataset\test_a\CAJ7GAR6C9.wav,salmon
.\dataset\test_a\CBJBOXYF52.wav,cabbage
.\dataset\test_a\CBRV5KDUQ6.wav,fries
.\dataset\test_a\CC0PVP9AXL.wav,jelly
.\dataset\test_a\CC28OJFF6I.wav,burger
.\dataset\test_a\CCU8GPLODC.wav,salmon
.\dataset\test_a\CDXYL3WE3B.wav,ice-cream
.\dataset\test_a\CDY2GYRO7N.wav,chips
.\dataset\test_a\CE3DY5AS6L.wav,ice-cream
.\dataset\test_a\CF151HIRUH.wav,ribs
.\dataset\test_a\CF5LJY8LI2.wav,candied_fruits
.\dataset\test_a\CF6NR5RLUR.wav,fries
.\dataset\test_a\CFCB6JJJT8.wav,cabbage
.\dataset\test_a\CFGFGJ1O6F.wav,ice-cream
.\dataset\test_a\CG3FHGB11S.wav,aloe
.\dataset\test_a\CHG26WM5MU.wav,chips
.\dataset\test_a\CHNO4N5H3C.wav,ribs
.\dataset\test_a\CJ9CAJWIXF.wav,pizza
.\dataset\test_a\CKIPXI3GDT.wav,chocolate
.\dataset\test_a\CKP9TQ04WB.wav,candied_fruits
.\dataset\test_a\CLF0QARUAY.wav,candied_fruits
.\dataset\test_a\CLJBLS3LVZ.wav,pizza
.\dataset\test_a\CLJDL6GV80.wav,candied_fruits
.\dataset\test_a\CLPSXPI6J8.wav,jelly
.\dataset\test_a\CM0MDV6CHY.wav,candied_fruits
.\dataset\test_a\CM296D6RZ6.wav,chocolate
.\dataset\test_a\CMQM8KCURQ.wav,pizza
.\dataset\test_a\CN4JBAWLRI.wav,gummies
.\dataset\test_a\CNMM5VFNW4.wav,noodles
.\dataset\test_a\COSDUC71QC.wav,aloe
.\dataset\test_a\COYI6R4NQG.wav,gummies
.\dataset\test_a\CPNVC4TC63.wav,pickles
.\dataset\test_a\CR1JNK8NWW.wav,wings
.\dataset\test_a\CSJ9CDJZB6.wav,candied_fruits
.\dataset\test_a\CSNF8Z6MNI.wav,grapes
.\dataset\test_a\CUWYVY0XRO.wav,wings
.\dataset\test_a\CVIWMYQAEE.wav,chocolate
.\dataset\test_a\CVO61XSWQB.wav,noodles
.\dataset\test_a\CWG09185L7.wav,chips
.\dataset\test_a\CX065CF3LP.wav,noodles
.\dataset\test_a\CXMIY2P997.wav,aloe
.\dataset\test_a\CZE53OSV3Y.wav,ice-cream
.\dataset\test_a\D05ZPZ3TNN.wav,ice-cream
.\dataset\test_a\D0PSQR2K14.wav,fries
.\dataset\test_a\D0YB7CHDY3.wav,salmon
.\dataset\test_a\D1U9UK6UNW.wav,grapes
.\dataset\test_a\D265C95PFI.wav,fries
.\dataset\test_a\D28JUPBTK9.wav,noodles
.\dataset\test_a\D2TY0KMEMG.wav,pickles
.\dataset\test_a\D2ZCWFR0WO.wav,candied_fruits
.\dataset\test_a\D3V5OQ0TNM.wav,carrots
.\dataset\test_a\D40IKV1M3L.wav,carrots
.\dataset\test_a\D5CCD4NSOH.wav,jelly
.\dataset\test_a\D5WKEN1S44.wav,jelly
.\dataset\test_a\D64NU3CHM4.wav,grapes
.\dataset\test_a\D67D52WLE5.wav,gummies
.\dataset\test_a\D76Q15EHIA.wav,chips
.\dataset\test_a\D7A8IEMLH2.wav,candied_fruits
.\dataset\test_a\D7BKTMSLPV.wav,candied_fruits
.\dataset\test_a\D7M0TO70EP.wav,fries
.\dataset\test_a\D8EF0SKUI5.wav,gummies
.\dataset\test_a\D8LOCWFP7M.wav,carrots
.\dataset\test_a\D9SIGDALZV.wav,wings
.\dataset\test_a\D9ZJ4QFACK.wav,chocolate
.\dataset\test_a\DB2BR3O5AR.wav,wings
.\dataset\test_a\DBNAAFQ064.wav,pizza
.\dataset\test_a\DBSECPJCO1.wav,gummies
.\dataset\test_a\DCIVTHHJY0.wav,carrots
.\dataset\test_a\DEPO3239NO.wav,aloe
.\dataset\test_a\DEV4M0TKGQ.wav,gummies
.\dataset\test_a\DFHQ9064B0.wav,pizza
.\dataset\test_a\DFIQTZI80U.wav,noodles
.\dataset\test_a\DFMIMIHO1U.wav,cabbage
.\dataset\test_a\DG0BKFD9IU.wav,pickles
.\dataset\test_a\DGAGGRL58D.wav,carrots
.\dataset\test_a\DGT7Z9R51V.wav,ribs
.\dataset\test_a\DHJUP2C55M.wav,fries
.\dataset\test_a\DHRX8M38F3.wav,grapes
.\dataset\test_a\DHW9C35ZGQ.wav,fries
.\dataset\test_a\DHZOA9O02H.wav,ribs
.\dataset\test_a\DI5VI54NHA.wav,pizza
.\dataset\test_a\DI7IN088HY.wav,cabbage
.\dataset\test_a\DIE5NCLLCS.wav,salmon
.\dataset\test_a\DJ5AXAW2LA.wav,chips
.\dataset\test_a\DJR2IGXP79.wav,pickles
.\dataset\test_a\DM937J96J3.wav,wings
.\dataset\test_a\DMNMYG3OC7.wav,pizza
.\dataset\test_a\DNT1UNDCAP.wav,chips
.\dataset\test_a\DOZ57D95UT.wav,gummies
.\dataset\test_a\DP2R8P7KJK.wav,candied_fruits
.\dataset\test_a\DQYLDTXNRN.wav,ribs
.\dataset\test_a\DROEIT6ZFX.wav,chocolate
.\dataset\test_a\DS13HWUNBM.wav,noodles
.\dataset\test_a\DSN8VKD9LC.wav,gummies
.\dataset\test_a\DTRIX6TZPC.wav,candied_fruits
.\dataset\test_a\DVG42N6CQZ.wav,noodles
.\dataset\test_a\DVQQ1KJTUW.wav,chips
.\dataset\test_a\DXR2NVKNVZ.wav,pizza
.\dataset\test_a\DXT77Z1ZZ7.wav,drinks
.\dataset\test_a\DYCI2BKX2Z.wav,chips
.\dataset\test_a\DZJDJWM6CC.wav,pickles
.\dataset\test_a\E1F1X5JNI9.wav,salmon
.\dataset\test_a\E1GOLST64U.wav,gummies
.\dataset\test_a\E2HZD6YTRP.wav,wings
.\dataset\test_a\E2OOKP2OPC.wav,grapes
.\dataset\test_a\E3QLE7DNYA.wav,ribs
.\dataset\test_a\E46B4HAWWD.wav,ice-cream
.\dataset\test_a\E52Q364YU3.wav,fries
.\dataset\test_a\E5HC7MH0CZ.wav,burger
.\dataset\test_a\E5HMJ1ZNLH.wav,wings
.\dataset\test_a\E5RH1W9R75.wav,carrots
.\dataset\test_a\E6SN84UTT9.wav,wings
.\dataset\test_a\E6T9X50W7V.wav,ribs
.\dataset\test_a\E77I23FXZP.wav,candied_fruits
.\dataset\test_a\E7PZLETV38.wav,carrots
.\dataset\test_a\E84R0PAWAE.wav,fries
.\dataset\test_a\E8MYRV4B7V.wav,burger
.\dataset\test_a\E8XXG5VL6M.wav,gummies
.\dataset\test_a\E9G5D12CQW.wav,ribs
.\dataset\test_a\EBA17T9KFO.wav,ribs
.\dataset\test_a\ECG65YQP39.wav,candied_fruits
.\dataset\test_a\ECVWHJJ67U.wav,chips
.\dataset\test_a\ECWZ4IPQJD.wav,jelly
.\dataset\test_a\ECXPV5PP8P.wav,fries
.\dataset\test_a\ED6WPGBA1S.wav,noodles
.\dataset\test_a\ED9QBYJX14.wav,pizza
.\dataset\test_a\EDJRK189T3.wav,chips
.\dataset\test_a\EED8N7PXMA.wav,chips
.\dataset\test_a\EEE3FVMMJS.wav,ice-cream
.\dataset\test_a\EEFW61YCQE.wav,chips
.\dataset\test_a\EERSWAZ957.wav,salmon
.\dataset\test_a\EIAGB1MUD9.wav,chocolate
.\dataset\test_a\EIIIY6E0SB.wav,chips
.\dataset\test_a\EJ2OVQVFBM.wav,ribs
.\dataset\test_a\EJU6ST3YQJ.wav,wings
.\dataset\test_a\EJVSQQL1JC.wav,jelly
.\dataset\test_a\EK4IQ7RKTX.wav,chips
.\dataset\test_a\EL7MEGAZHR.wav,carrots
.\dataset\test_a\ELCPD00BFF.wav,chips
.\dataset\test_a\EMKUBLGUJO.wav,pizza
.\dataset\test_a\EMZ24QP6Q0.wav,ice-cream
.\dataset\test_a\ENE9MN96QT.wav,burger
.\dataset\test_a\ENK9CKWY1I.wav,fries
.\dataset\test_a\ENLCFORNP6.wav,cabbage
.\dataset\test_a\ENX7SPK6C8.wav,soup
.\dataset\test_a\EOBOVL0DYK.wav,wings
.\dataset\test_a\ER056FY5Z1.wav,soup
.\dataset\test_a\ERWLSPX7AX.wav,soup
.\dataset\test_a\ESNZ8XA885.wav,soup
.\dataset\test_a\EU1MJR6V5Q.wav,pizza
.\dataset\test_a\EU99EH8D6O.wav,candied_fruits
.\dataset\test_a\EUIP9WVNQO.wav,carrots
.\dataset\test_a\EUSCII6GQ1.wav,candied_fruits
.\dataset\test_a\EV7CVB4A1M.wav,drinks
.\dataset\test_a\EV8JLEVKNP.wav,grapes
.\dataset\test_a\EVFF11YCBN.wav,burger
.\dataset\test_a\EVNP3DWPAY.wav,aloe
.\dataset\test_a\EVPJSBSMQN.wav,fries
.\dataset\test_a\EWM0WA1UVH.wav,carrots
.\dataset\test_a\EWUSN4I3EX.wav,aloe
.\dataset\test_a\EX4X4ZXCYN.wav,aloe
.\dataset\test_a\EX9HBJPLN0.wav,fries
.\dataset\test_a\EXZ7SZJXSK.wav,chocolate
.\dataset\test_a\EY7CM6WMYB.wav,burger
.\dataset\test_a\EYM07I0L49.wav,jelly
.\dataset\test_a\F0M6HGX2RU.wav,fries
.\dataset\test_a\F0NI6GUO58.wav,pizza
.\dataset\test_a\F10XHW5HE5.wav,pizza
.\dataset\test_a\F18TZEC9UD.wav,salmon
.\dataset\test_a\F2FQHNU7S4.wav,salmon
.\dataset\test_a\F3CIKTEP3V.wav,jelly
.\dataset\test_a\F454J0PNO9.wav,jelly
.\dataset\test_a\F4K0W7KLTP.wav,carrots
.\dataset\test_a\F5U5TP40ZO.wav,candied_fruits
.\dataset\test_a\F6L2WE8875.wav,jelly
.\dataset\test_a\F87BXD9XIB.wav,gummies
.\dataset\test_a\F8A53ID0WK.wav,jelly
.\dataset\test_a\F8AMQJL34B.wav,gummies
.\dataset\test_a\F8FCNFILQK.wav,noodles
.\dataset\test_a\FBJLE5MHTG.wav,gummies
.\dataset\test_a\FGF4O2A4A8.wav,cabbage
.\dataset\test_a\FGIAFW1Y3W.wav,ice-cream
.\dataset\test_a\FGJ0Q5B24H.wav,candied_fruits
.\dataset\test_a\FHGP61U712.wav,pizza
.\dataset\test_a\FHZB55JNHO.wav,gummies
.\dataset\test_a\FIL4M24IAA.wav,noodles
.\dataset\test_a\FJ66A0HSLR.wav,pizza
.\dataset\test_a\FK2MYXG2OC.wav,wings
.\dataset\test_a\FLR9R3QMNU.wav,ribs
.\dataset\test_a\FM8M7IZK3E.wav,aloe
.\dataset\test_a\FP6O5XHDL1.wav,salmon
.\dataset\test_a\FPHTD7NTDZ.wav,salmon
.\dataset\test_a\FQ63FXHJIB.wav,wings
.\dataset\test_a\FRC1UHMLJE.wav,wings
.\dataset\test_a\FRU38O19ZC.wav,fries
.\dataset\test_a\FS61DL00CZ.wav,chips
.\dataset\test_a\FS6TF0RP2S.wav,ice-cream
.\dataset\test_a\FT9MJQLXK2.wav,cabbage
.\dataset\test_a\FTAQYGOGQE.wav,pickles
.\dataset\test_a\FTCB0FBVPJ.wav,ribs
.\dataset\test_a\FU87MW6DIL.wav,carrots
.\dataset\test_a\FUR4N7VLNL.wav,gummies
.\dataset\test_a\FVE6TDVWET.wav,wings
.\dataset\test_a\FWGKPNKV4X.wav,pickles
.\dataset\test_a\FXA0R7JXL0.wav,jelly
.\dataset\test_a\FXUX9BECM3.wav,soup
.\dataset\test_a\FYBGUVBY7R.wav,cabbage
.\dataset\test_a\FYOY20MXRT.wav,gummies
.\dataset\test_a\G09CK61T16.wav,noodles
.\dataset\test_a\G0R4ZDWNDH.wav,grapes
.\dataset\test_a\G2PR8ZTBT8.wav,pickles
.\dataset\test_a\G2W3ACGJ8O.wav,pizza
.\dataset\test_a\G31JX63QQQ.wav,gummies
.\dataset\test_a\G3J7ISF7J4.wav,candied_fruits
.\dataset\test_a\G4FL4PN15J.wav,ribs
.\dataset\test_a\G56TOERXTG.wav,candied_fruits
.\dataset\test_a\G5XR1M9GTI.wav,aloe
.\dataset\test_a\G6BYDNV8WV.wav,ribs
.\dataset\test_a\G98QVGLZ6F.wav,gummies
.\dataset\test_a\GAFDNGIUWZ.wav,burger
.\dataset\test_a\GAL4J9YF4R.wav,jelly
.\dataset\test_a\GBRQW4NCO3.wav,fries
.\dataset\test_a\GCE77051DL.wav,fries
.\dataset\test_a\GCKHIL4BM6.wav,ice-cream
.\dataset\test_a\GDEJMCL5BS.wav,pizza
.\dataset\test_a\GDIAXICBRX.wav,fries
.\dataset\test_a\GEHGF3SHNF.wav,ribs
.\dataset\test_a\GEOA6RIJN0.wav,fries
.\dataset\test_a\GEOV79VPNI.wav,salmon
.\dataset\test_a\GF3VOV0HE0.wav,candied_fruits
.\dataset\test_a\GFY56HVMUT.wav,candied_fruits
.\dataset\test_a\GH2CAC9UV8.wav,gummies
.\dataset\test_a\GHZO2OAM32.wav,ribs
.\dataset\test_a\GINJVRAZX3.wav,burger
.\dataset\test_a\GJL8L8M2FI.wav,fries
.\dataset\test_a\GLECNN05DW.wav,gummies
.\dataset\test_a\GMP1D49OWC.wav,fries
.\dataset\test_a\GMZNSPVZY8.wav,drinks
.\dataset\test_a\GP6FYK7DWV.wav,pizza
.\dataset\test_a\GPA86OOITT.wav,grapes
.\dataset\test_a\GPYB7L3V70.wav,burger
.\dataset\test_a\GPZ6Q6PRE0.wav,carrots
.\dataset\test_a\GQBU2PO0E4.wav,gummies
.\dataset\test_a\GQC51EA9F4.wav,pizza
.\dataset\test_a\GR15SI8YG2.wav,candied_fruits
.\dataset\test_a\GTNHI0AW2L.wav,fries
.\dataset\test_a\GTNPJL5BS8.wav,candied_fruits
.\dataset\test_a\GTQ1YZ7JUQ.wav,ribs
.\dataset\test_a\GX5OLT38OT.wav,wings
.\dataset\test_a\GXNZVFGNB8.wav,gummies
.\dataset\test_a\GXQBIFSM5V.wav,ribs
.\dataset\test_a\GXZED3R1TG.wav,pizza
.\dataset\test_a\GYDE51Q75W.wav,burger
.\dataset\test_a\GYQ8KSGDCH.wav,candied_fruits
.\dataset\test_a\GZ64VGI6TS.wav,soup
.\dataset\test_a\GZ8VVFS35H.wav,gummies
.\dataset\test_a\GZDEMDEHN8.wav,gummies
.\dataset\test_a\GZQ04ZL9AS.wav,wings
.\dataset\test_a\H0ICONTTUC.wav,chips
.\dataset\test_a\H1AKO0RJNU.wav,aloe
.\dataset\test_a\H1BTT314YR.wav,pickles
.\dataset\test_a\H1FXISD9VJ.wav,grapes
.\dataset\test_a\H1MZ9C33G1.wav,aloe
.\dataset\test_a\H1WAP72FZ8.wav,chips
.\dataset\test_a\H1ZR8BQZXZ.wav,aloe
.\dataset\test_a\H2JTNS7L3B.wav,soup
.\dataset\test_a\H367I68RUU.wav,aloe
.\dataset\test_a\H5K9X0FOJQ.wav,pizza
.\dataset\test_a\H5KPDL35B1.wav,wings
.\dataset\test_a\H7EPKXKJ02.wav,ice-cream
.\dataset\test_a\H7K707J2NA.wav,noodles
.\dataset\test_a\H8LZVBLE86.wav,chips
.\dataset\test_a\H9647V3BWI.wav,gummies
.\dataset\test_a\H9SPI5SHRX.wav,candied_fruits
.\dataset\test_a\H9T5P1T7YG.wav,pizza
.\dataset\test_a\HAEZIDQXMR.wav,aloe
.\dataset\test_a\HB3G2XK2BB.wav,chips
.\dataset\test_a\HB6URVC7YV.wav,jelly
.\dataset\test_a\HBD3KGNB39.wav,cabbage
.\dataset\test_a\HBQF115SWF.wav,ribs
.\dataset\test_a\HC2A67B85Y.wav,grapes
.\dataset\test_a\HCIGCHL5BP.wav,gummies
.\dataset\test_a\HEEP8NFNX9.wav,jelly
.\dataset\test_a\HEO6A7IKKK.wav,ribs
.\dataset\test_a\HEPGVU9BRC.wav,ice-cream
.\dataset\test_a\HEVHICGJ1A.wav,candied_fruits
.\dataset\test_a\HF38SOL8JE.wav,burger
.\dataset\test_a\HF83U3IFG8.wav,pizza
.\dataset\test_a\HGMQVZ1QGH.wav,candied_fruits
.\dataset\test_a\HJ8UXOUSPE.wav,candied_fruits
.\dataset\test_a\HKAOX1GQII.wav,aloe
.\dataset\test_a\HKTLJ14AC5.wav,pickles
.\dataset\test_a\HL31QCR0S4.wav,chips
.\dataset\test_a\HLAQHHKVF4.wav,candied_fruits
.\dataset\test_a\HM2MU3FUYB.wav,jelly
.\dataset\test_a\HM35RVSFGB.wav,aloe
.\dataset\test_a\HODCTCG25Y.wav,burger
.\dataset\test_a\HONRSWM6R0.wav,chips
.\dataset\test_a\HOZISIYYNY.wav,candied_fruits
.\dataset\test_a\HP6H52FJ5W.wav,carrots
.\dataset\test_a\HPZIBK822F.wav,jelly
.\dataset\test_a\HRGTAQK5SY.wav,gummies
.\dataset\test_a\HSV357QYTV.wav,wings
.\dataset\test_a\HTAC0LT096.wav,chips
.\dataset\test_a\HTSJRTILW6.wav,burger
.\dataset\test_a\HUN88BRYFH.wav,burger
.\dataset\test_a\HUS86VQEDL.wav,drinks
.\dataset\test_a\HV0GMASPVL.wav,gummies
.\dataset\test_a\HVW10ZJ3KI.wav,candied_fruits
.\dataset\test_a\HXSDH2OU0T.wav,pickles
.\dataset\test_a\HXZUY2YB2T.wav,noodles
.\dataset\test_a\HYG30H652F.wav,gummies
.\dataset\test_a\HYNMK6NLG6.wav,gummies
.\dataset\test_a\HZRH3WZRMF.wav,ice-cream
.\dataset\test_a\I01XCT26ZK.wav,grapes
.\dataset\test_a\I09Q9IC1H7.wav,gummies
.\dataset\test_a\I1ECPYMQPW.wav,ice-cream
.\dataset\test_a\I2QHA5R68P.wav,gummies
.\dataset\test_a\I39884CXHL.wav,jelly
.\dataset\test_a\I3KTO1WJB1.wav,pickles
.\dataset\test_a\I3N1SO0CCU.wav,jelly
.\dataset\test_a\I47UJ1H3PJ.wav,aloe
.\dataset\test_a\I69WSCSGZK.wav,grapes
.\dataset\test_a\I6AF4OG8AR.wav,ice-cream
.\dataset\test_a\I6YEINYH5N.wav,candied_fruits
.\dataset\test_a\I7QCEDVH4M.wav,candied_fruits
.\dataset\test_a\I800KIWXKN.wav,aloe
.\dataset\test_a\I8C9AW2D2Z.wav,chips
.\dataset\test_a\IB5NOLZ0KG.wav,carrots
.\dataset\test_a\IBB3K2F8OF.wav,pizza
.\dataset\test_a\ICP5YLZVN2.wav,candied_fruits
.\dataset\test_a\IDJ1YGZVAN.wav,wings
.\dataset\test_a\IDQH1MAMK8.wav,carrots
.\dataset\test_a\IEUBFMRIN9.wav,carrots
.\dataset\test_a\IFNCM77MIF.wav,grapes
.\dataset\test_a\IG6AFD7GA0.wav,burger
.\dataset\test_a\IGH3FQBQ9Z.wav,gummies
.\dataset\test_a\IH8JM7WO74.wav,wings
.\dataset\test_a\IIGJQNBERT.wav,gummies
.\dataset\test_a\IIQ7X47NDQ.wav,carrots
.\dataset\test_a\IJGJGZSK4T.wav,ribs
.\dataset\test_a\IK77EC2GUL.wav,gummies
.\dataset\test_a\IKBX6D06M5.wav,chips
.\dataset\test_a\IL1AICGND9.wav,drinks
.\dataset\test_a\ILNW8761HP.wav,carrots
.\dataset\test_a\IMBMXGCBO8.wav,ribs
.\dataset\test_a\IMX8L56BWI.wav,ribs
.\dataset\test_a\INF0GAXOLH.wav,fries
.\dataset\test_a\INNO8Y657A.wav,salmon
.\dataset\test_a\INS438YVTO.wav,carrots
.\dataset\test_a\INUHE5O2O0.wav,carrots
.\dataset\test_a\IOM8PSVH8I.wav,candied_fruits
.\dataset\test_a\IPGHCKZZAB.wav,jelly
.\dataset\test_a\IQAVFH52Q8.wav,salmon
.\dataset\test_a\IQD0YCQ93K.wav,chips
.\dataset\test_a\ISLD4CEAA1.wav,candied_fruits
.\dataset\test_a\ITFFMS1MCI.wav,candied_fruits
.\dataset\test_a\IUB3L1AYZG.wav,ice-cream
.\dataset\test_a\IUNQWIVSXQ.wav,ribs
.\dataset\test_a\IVA2ETRRQ2.wav,pizza
.\dataset\test_a\IVH1GSBHZP.wav,pizza
.\dataset\test_a\IW7CA15SIG.wav,salmon
.\dataset\test_a\IWHOPI9UT9.wav,carrots
.\dataset\test_a\IWN4SD386V.wav,aloe
.\dataset\test_a\IWUF4P8WAZ.wav,pickles
.\dataset\test_a\IX0HKTH63C.wav,soup
.\dataset\test_a\IXFZY0OX71.wav,jelly
.\dataset\test_a\IY3FS3LRQ7.wav,ice-cream
.\dataset\test_a\IYIIYXK5KZ.wav,aloe
.\dataset\test_a\IYJYXF0QJZ.wav,noodles
.\dataset\test_a\IYVQ440TN4.wav,ribs
.\dataset\test_a\IYY7U1GOYY.wav,fries
.\dataset\test_a\IZCYZ928UP.wav,gummies
.\dataset\test_a\IZM2DFK542.wav,pizza
.\dataset\test_a\J08QLUACZH.wav,fries
.\dataset\test_a\J09X2GI0Z2.wav,gummies
.\dataset\test_a\J1EYAS0JHF.wav,carrots
.\dataset\test_a\J1HGDIZ834.wav,gummies
.\dataset\test_a\J4DOS7YTN2.wav,grapes
.\dataset\test_a\J4RA7FXRFA.wav,pizza
.\dataset\test_a\J7EFDW3RKM.wav,pizza
.\dataset\test_a\JASBU334S3.wav,pickles
.\dataset\test_a\JATGS1X5OW.wav,carrots
.\dataset\test_a\JBAUYGUMPT.wav,pizza
.\dataset\test_a\JC7SEFOAU5.wav,gummies
.\dataset\test_a\JD85WF9UDW.wav,cabbage
.\dataset\test_a\JDV0MDIGA2.wav,chocolate
.\dataset\test_a\JEMSVUQKWS.wav,cabbage
.\dataset\test_a\JETKNHW5BK.wav,chips
.\dataset\test_a\JF4H6C3DAR.wav,candied_fruits
.\dataset\test_a\JFBVQRJJZH.wav,fries
.\dataset\test_a\JFCTJVE069.wav,pizza
.\dataset\test_a\JHZRNU9ZUY.wav,ribs
.\dataset\test_a\JJ6YCFX8ZQ.wav,ice-cream
.\dataset\test_a\JJWW8OC8LI.wav,jelly
.\dataset\test_a\JKNK56UFDE.wav,ribs
.\dataset\test_a\JL02JMAHGP.wav,candied_fruits
.\dataset\test_a\JMO30VO7MX.wav,carrots
.\dataset\test_a\JMSTVYA3VW.wav,candied_fruits
.\dataset\test_a\JOUHWCUBDV.wav,gummies
.\dataset\test_a\JPH62K3GAQ.wav,chips
.\dataset\test_a\JPQW0TC0MI.wav,salmon
.\dataset\test_a\JQ5RLSZQGR.wav,fries
.\dataset\test_a\JR6NT18EZ3.wav,candied_fruits
.\dataset\test_a\JR9QE3FPA1.wav,chips
.\dataset\test_a\JRETLU425H.wav,jelly
.\dataset\test_a\JS551KSAV6.wav,fries
.\dataset\test_a\JS79ZGGEQK.wav,noodles
.\dataset\test_a\JSD2UX7VBO.wav,ice-cream
.\dataset\test_a\JSDSX4OR96.wav,wings
.\dataset\test_a\JSM2ECZ81B.wav,grapes
.\dataset\test_a\JTJBSIVUIW.wav,carrots
.\dataset\test_a\JTWCE9QVE4.wav,grapes
.\dataset\test_a\JTZVA9F83C.wav,gummies
.\dataset\test_a\JUJTYZMJ8R.wav,chocolate
.\dataset\test_a\JUVWPKBRJU.wav,ribs
.\dataset\test_a\JUY31V66VB.wav,pickles
.\dataset\test_a\JV0QVYG9UC.wav,soup
.\dataset\test_a\JVGZP0MX6J.wav,salmon
.\dataset\test_a\JVWZR92ZKN.wav,grapes
.\dataset\test_a\JXFFJI11A9.wav,burger
.\dataset\test_a\JY4Q0DGCMK.wav,carrots
.\dataset\test_a\JYGA7C0BTZ.wav,pizza
.\dataset\test_a\JZLRUBEEW4.wav,candied_fruits
.\dataset\test_a\JZY3B3LY99.wav,carrots
.\dataset\test_a\K0VL6YEUOS.wav,soup
.\dataset\test_a\K0XTYLXJIM.wav,chocolate
.\dataset\test_a\K1LJ5369IS.wav,jelly
.\dataset\test_a\K2119LFXS7.wav,gummies
.\dataset\test_a\K29YVRD38E.wav,carrots
.\dataset\test_a\K3FV8090N4.wav,gummies
.\dataset\test_a\K4FTDGAQRW.wav,salmon
.\dataset\test_a\K4KIM4M9JI.wav,jelly
.\dataset\test_a\K5HADUGNJ2.wav,ribs
.\dataset\test_a\K6E504OGPU.wav,chocolate
.\dataset\test_a\K83Z9QK4RG.wav,drinks
.\dataset\test_a\K8HO8T9XLS.wav,cabbage
.\dataset\test_a\K8KVDRYHDE.wav,jelly
.\dataset\test_a\K9LH7XLRPZ.wav,gummies
.\dataset\test_a\K9XAWO0F51.wav,grapes
.\dataset\test_a\KAHOWTD1QJ.wav,carrots
.\dataset\test_a\KAUESX5QVJ.wav,chips
.\dataset\test_a\KB7W0QACDR.wav,noodles
.\dataset\test_a\KBE2IB4SHA.wav,pizza
.\dataset\test_a\KCEF27S2BQ.wav,salmon
.\dataset\test_a\KE79M8QAGG.wav,ribs
.\dataset\test_a\KER3NRH1LR.wav,noodles
.\dataset\test_a\KHOGRK4P39.wav,drinks
.\dataset\test_a\KHXB20JMQY.wav,chocolate
.\dataset\test_a\KI54HIX4LY.wav,soup
.\dataset\test_a\KI5KMP8LY0.wav,drinks
.\dataset\test_a\KIT5WDGP4I.wav,noodles
.\dataset\test_a\KJ02CK5XSC.wav,gummies
.\dataset\test_a\KJ0V0TC40P.wav,burger
.\dataset\test_a\KK8PDGS99N.wav,grapes
.\dataset\test_a\KLJ64HOKTZ.wav,carrots
.\dataset\test_a\KM7WQA2HSQ.wav,drinks
.\dataset\test_a\KMEQXBGQ04.wav,salmon
.\dataset\test_a\KMW3W7MOH9.wav,gummies
.\dataset\test_a\KN5ESGU2ZY.wav,carrots
.\dataset\test_a\KN5LW4USRS.wav,drinks
.\dataset\test_a\KP733RNKJU.wav,ribs
.\dataset\test_a\KPF3J612S4.wav,burger
.\dataset\test_a\KRKRG2U6TB.wav,soup
.\dataset\test_a\KSNRRG30E7.wav,chips
.\dataset\test_a\KTGU3AXKE1.wav,cabbage
.\dataset\test_a\KTMVSB8TXS.wav,soup
.\dataset\test_a\KU5WBIO790.wav,carrots
.\dataset\test_a\KVHYYKYSOQ.wav,salmon
.\dataset\test_a\KWUCWIZAHE.wav,gummies
.\dataset\test_a\KYL786OQMB.wav,gummies
.\dataset\test_a\KZMYN4FKX2.wav,ribs
.\dataset\test_a\KZRV3PBHJS.wav,wings
.\dataset\test_a\L0MTYELUQN.wav,carrots
.\dataset\test_a\L1ZVUTWG98.wav,chocolate
.\dataset\test_a\L2C4IO0GFT.wav,fries
.\dataset\test_a\L2VPIAVB0Z.wav,noodles
.\dataset\test_a\L30JRKVY9Z.wav,ribs
.\dataset\test_a\L4D57EV947.wav,chips
.\dataset\test_a\L4KB5J54R4.wav,wings
.\dataset\test_a\L5SYRBLZAE.wav,burger
.\dataset\test_a\L5X0VHIYZQ.wav,soup
.\dataset\test_a\L62KJZA637.wav,drinks
.\dataset\test_a\L64HADEIU2.wav,candied_fruits
.\dataset\test_a\L6H5KGGCF4.wav,wings
.\dataset\test_a\L7Z643XTYC.wav,pickles
.\dataset\test_a\L81E7ROTPV.wav,grapes
.\dataset\test_a\L8MITUO2XX.wav,pizza
.\dataset\test_a\L8SQ6153N9.wav,candied_fruits
.\dataset\test_a\L9HXDXY38Z.wav,burger
.\dataset\test_a\LA52F6H0RW.wav,carrots
.\dataset\test_a\LBBQKC2X1W.wav,chocolate
.\dataset\test_a\LCGFVAVL6A.wav,fries
.\dataset\test_a\LDS5DFLSYP.wav,jelly
.\dataset\test_a\LEELRRF1F2.wav,burger
.\dataset\test_a\LEX5AJZK86.wav,candied_fruits
.\dataset\test_a\LFPHWQKPT5.wav,ribs
.\dataset\test_a\LGGWTU802T.wav,grapes
.\dataset\test_a\LGLQZMDY3S.wav,wings
.\dataset\test_a\LHIWNH6G3P.wav,ice-cream
.\dataset\test_a\LJFG2D1IM0.wav,cabbage
.\dataset\test_a\LJIEKYTU2U.wav,burger
.\dataset\test_a\LKUT4GPY70.wav,candied_fruits
.\dataset\test_a\LL2NAKGW8G.wav,candied_fruits
.\dataset\test_a\LLL6K21Y1P.wav,ribs
.\dataset\test_a\LLUA5UIZ6X.wav,soup
.\dataset\test_a\LLUQ6YGTVU.wav,fries
.\dataset\test_a\LM1QG3971H.wav,carrots
.\dataset\test_a\LMATLQ42GE.wav,pickles
.\dataset\test_a\LMP2VI3SOC.wav,ribs
.\dataset\test_a\LO1FLMEQMX.wav,pizza
.\dataset\test_a\LOMZLTRPXC.wav,ice-cream
.\dataset\test_a\LOQJLFI906.wav,gummies
.\dataset\test_a\LPLMSS75MU.wav,ice-cream
.\dataset\test_a\LQEIOMSUJP.wav,chips
.\dataset\test_a\LQHGESJT8J.wav,grapes
.\dataset\test_a\LR8H6EBN47.wav,cabbage
.\dataset\test_a\LSMZY9UYPA.wav,candied_fruits
.\dataset\test_a\LT7WUUZ1UA.wav,chips
.\dataset\test_a\LTT24RRVE9.wav,jelly
.\dataset\test_a\LUHFT9F3U7.wav,ribs
.\dataset\test_a\LV2QTSY7W1.wav,ice-cream
.\dataset\test_a\LVNZDS06DQ.wav,cabbage
.\dataset\test_a\LW76LHJLE4.wav,carrots
.\dataset\test_a\LWF0W4K6GA.wav,pickles
.\dataset\test_a\LWGSNMBAJB.wav,gummies
.\dataset\test_a\LX494SPH30.wav,salmon
.\dataset\test_a\LY97ST225O.wav,grapes
.\dataset\test_a\M0E347S2NF.wav,pickles
.\dataset\test_a\M0OZY4LLK0.wav,jelly
.\dataset\test_a\M1RQIO6LFF.wav,jelly
.\dataset\test_a\M2E6AXHAIN.wav,ice-cream
.\dataset\test_a\M39BBIL6VW.wav,candied_fruits
.\dataset\test_a\M3C6CB27X3.wav,candied_fruits
.\dataset\test_a\M3NM6FMDWP.wav,salmon
.\dataset\test_a\M6HOVV4WB0.wav,fries
.\dataset\test_a\M6SNFFQHTU.wav,jelly
.\dataset\test_a\M7X6DQYXEL.wav,ice-cream
.\dataset\test_a\M81CLHI0RH.wav,drinks
.\dataset\test_a\M99A0WDHC0.wav,gummies
.\dataset\test_a\M9G7XZBXE6.wav,aloe
.\dataset\test_a\MALWFOK7M4.wav,fries
.\dataset\test_a\MDEH0FZCZK.wav,fries
.\dataset\test_a\ME7ARXLN47.wav,gummies
.\dataset\test_a\ME9F9E3BL1.wav,carrots
.\dataset\test_a\MG251NPARY.wav,soup
.\dataset\test_a\MGDB5YJ9K4.wav,fries
.\dataset\test_a\MHH2K5BU51.wav,candied_fruits
.\dataset\test_a\MHONCMI2AV.wav,aloe
.\dataset\test_a\MI2O8M5FVC.wav,cabbage
.\dataset\test_a\MIKGC4UV6J.wav,grapes
.\dataset\test_a\MIZ0NU8N4V.wav,gummies
.\dataset\test_a\MJDNCUT8AA.wav,gummies
.\dataset\test_a\MLMIGQOO7L.wav,fries
.\dataset\test_a\MLUUNAAZHW.wav,cabbage
.\dataset\test_a\MMI8YL1TS5.wav,grapes
.\dataset\test_a\MN2LGF2DZ5.wav,aloe
.\dataset\test_a\MNP2HJI6B3.wav,candied_fruits
.\dataset\test_a\MOBLK4ANQV.wav,wings
.\dataset\test_a\MOKHGCTWBM.wav,chocolate
.\dataset\test_a\MOZ8AJI4QR.wav,gummies
.\dataset\test_a\MP9YN8QTJP.wav,jelly
.\dataset\test_a\MPI5Y65ZX7.wav,pizza
.\dataset\test_a\MQGJISBTHO.wav,pizza
.\dataset\test_a\MSD7641J5J.wav,ribs
.\dataset\test_a\MSOLNASD6E.wav,cabbage
.\dataset\test_a\MTWHHRMFW2.wav,ribs
.\dataset\test_a\MTXM5PREUT.wav,ice-cream
.\dataset\test_a\MU8LDINI91.wav,pickles
.\dataset\test_a\MURPINRAQ3.wav,grapes
.\dataset\test_a\MUSHU0PH22.wav,ice-cream
.\dataset\test_a\MVK8QPNAM7.wav,salmon
.\dataset\test_a\MVY60AN5O1.wav,fries
.\dataset\test_a\MWTAO7I3KZ.wav,grapes
.\dataset\test_a\MYPG76UERR.wav,salmon
.\dataset\test_a\MZYGQ2ZZNM.wav,aloe
.\dataset\test_a\N0YRZ5U2HG.wav,grapes
.\dataset\test_a\N17NRVWAEC.wav,noodles
.\dataset\test_a\N1VOV2MFS8.wav,pizza
.\dataset\test_a\N295DMO6CF.wav,carrots
.\dataset\test_a\N2CV7W8UWQ.wav,pizza
.\dataset\test_a\N2L00KJNVM.wav,aloe
.\dataset\test_a\N4BK55WMAN.wav,chocolate
.\dataset\test_a\N4FQUYIRSK.wav,carrots
.\dataset\test_a\N5EK9TC9LF.wav,ribs
.\dataset\test_a\N66XWSBNOH.wav,candied_fruits
.\dataset\test_a\N67H8VN2ND.wav,pickles
.\dataset\test_a\N76562PLWP.wav,ribs
.\dataset\test_a\N7R35FLGGU.wav,chips
.\dataset\test_a\NCTHGF4K9M.wav,ribs
.\dataset\test_a\NDKTLLXXU1.wav,ice-cream
.\dataset\test_a\NE7KPEJRBW.wav,fries
.\dataset\test_a\NEJICVH27I.wav,wings
.\dataset\test_a\NG1XSPP6CX.wav,wings
.\dataset\test_a\NG51RVACBP.wav,jelly
.\dataset\test_a\NG885D8JYQ.wav,fries
.\dataset\test_a\NHCWWB1CTL.wav,cabbage
.\dataset\test_a\NIMEO46HN4.wav,gummies
.\dataset\test_a\NIQCBHIR1Y.wav,candied_fruits
.\dataset\test_a\NIR53NSYWZ.wav,chips
.\dataset\test_a\NIW024J4HV.wav,carrots
.\dataset\test_a\NJ5PGQ8OAL.wav,cabbage
.\dataset\test_a\NJA1SCY97E.wav,noodles
.\dataset\test_a\NK6ZOJLW6D.wav,gummies
.\dataset\test_a\NKJYKQMVC6.wav,pizza
.\dataset\test_a\NLVZSJ9QR2.wav,jelly
.\dataset\test_a\NM4CRHI2CA.wav,gummies
.\dataset\test_a\NM5AU3UFYX.wav,burger
.\dataset\test_a\NMRM1745OS.wav,cabbage
.\dataset\test_a\NMTTBKA2BB.wav,aloe
.\dataset\test_a\NOUIPKEJYA.wav,ribs
.\dataset\test_a\NPRTKSJ5FP.wav,pizza
.\dataset\test_a\NQF9JOR998.wav,fries
.\dataset\test_a\NQIGCKS94G.wav,gummies
.\dataset\test_a\NQJBOUH7HC.wav,chocolate
.\dataset\test_a\NQVE593HXH.wav,carrots
.\dataset\test_a\NRCSM2N348.wav,gummies
.\dataset\test_a\NSKZI643AE.wav,noodles
.\dataset\test_a\NSOI08O585.wav,carrots
.\dataset\test_a\NWMOJLQ8C8.wav,gummies
.\dataset\test_a\NX6DZN9QGL.wav,pizza
.\dataset\test_a\NXGGB3T4WP.wav,burger
.\dataset\test_a\NXYMOVJR8P.wav,ribs
.\dataset\test_a\NYCBXUZWTD.wav,candied_fruits
.\dataset\test_a\NYQE686B1K.wav,noodles
.\dataset\test_a\NZ733AAE47.wav,gummies
.\dataset\test_a\O1J9G21V08.wav,ribs
.\dataset\test_a\O3UF88OYZ5.wav,fries
.\dataset\test_a\O4A9VKMWLS.wav,soup
.\dataset\test_a\O5GCGWF801.wav,salmon
.\dataset\test_a\O5M7R12CXJ.wav,candied_fruits
.\dataset\test_a\O5U0SLSB8M.wav,carrots
.\dataset\test_a\O6VZ2LT069.wav,pizza
.\dataset\test_a\O6Y5R80NL4.wav,ribs
.\dataset\test_a\O72KIXB65A.wav,salmon
.\dataset\test_a\O7U7JED4JQ.wav,aloe
.\dataset\test_a\O7ZFWIDIH0.wav,salmon
.\dataset\test_a\O8LPPLVV0J.wav,candied_fruits
.\dataset\test_a\O91I9CHZBZ.wav,noodles
.\dataset\test_a\O9U5ER8ET2.wav,aloe
.\dataset\test_a\OABFDK6F0Y.wav,jelly
.\dataset\test_a\OB791I48MT.wav,chips
.\dataset\test_a\OBPN5EAYIL.wav,candied_fruits
.\dataset\test_a\OD5XLLVPYQ.wav,ice-cream
.\dataset\test_a\OD74ZZIYJI.wav,carrots
.\dataset\test_a\ODA5F0FWD1.wav,carrots
.\dataset\test_a\OE2U4RPYFZ.wav,fries
.\dataset\test_a\OF0OKDB0N8.wav,carrots
.\dataset\test_a\OF1OZNXJJB.wav,pizza
.\dataset\test_a\OF9KSAEO40.wav,candied_fruits
.\dataset\test_a\OFW5RF93UA.wav,gummies
.\dataset\test_a\OGLJUK4Y0P.wav,noodles
.\dataset\test_a\OHDE843D8P.wav,carrots
.\dataset\test_a\OI55H7RYCT.wav,salmon
.\dataset\test_a\OIZD55INNB.wav,noodles
.\dataset\test_a\OMEQE350PQ.wav,pickles
.\dataset\test_a\ONH7NL7E1V.wav,ribs
.\dataset\test_a\ONPAXE94ZO.wav,pizza
.\dataset\test_a\OOGRSOTBRQ.wav,pickles
.\dataset\test_a\OOPCAQTBW4.wav,candied_fruits
.\dataset\test_a\OOTD0QLJMG.wav,candied_fruits
.\dataset\test_a\OOZ9MGIXJF.wav,candied_fruits
.\dataset\test_a\OPRXGT279A.wav,candied_fruits
.\dataset\test_a\OQK8ZPFUII.wav,candied_fruits
.\dataset\test_a\ORAIWHBSEV.wav,grapes
.\dataset\test_a\OREC7I244Y.wav,ice-cream
.\dataset\test_a\ORNHIN9PDK.wav,salmon
.\dataset\test_a\OVJBYAJT58.wav,pizza
.\dataset\test_a\OVRS0FO369.wav,ribs
.\dataset\test_a\OVY1C7AX2B.wav,ribs
.\dataset\test_a\OYPMSU5N4T.wav,gummies
.\dataset\test_a\OZFVMW3BDC.wav,fries
.\dataset\test_a\P0VHBJXUXE.wav,gummies
.\dataset\test_a\P17BXHHX70.wav,ribs
.\dataset\test_a\P1HW0H667K.wav,chips
.\dataset\test_a\P2QC2OEMOL.wav,chips
.\dataset\test_a\P3CPAEM6YQ.wav,gummies
.\dataset\test_a\P4F4U4YHZ0.wav,jelly
.\dataset\test_a\P4FTGCLNMM.wav,pizza
.\dataset\test_a\P4N2AIW6GS.wav,ribs
.\dataset\test_a\P6EEFK4P7Z.wav,drinks
.\dataset\test_a\P6O4PRMB0Z.wav,carrots
.\dataset\test_a\P841E8RFM6.wav,ice-cream
.\dataset\test_a\P8A63ID1ID.wav,salmon
.\dataset\test_a\P9ICFOXEZL.wav,candied_fruits
.\dataset\test_a\PAIUSELF78.wav,ribs
.\dataset\test_a\PAQ36T9I9N.wav,gummies
.\dataset\test_a\PASRBMT52S.wav,salmon
.\dataset\test_a\PC3MIRE2OF.wav,grapes
.\dataset\test_a\PC90MT64KQ.wav,pickles
.\dataset\test_a\PCP7FGOQ91.wav,noodles
.\dataset\test_a\PDVG178YF6.wav,wings
.\dataset\test_a\PE24GIFVJT.wav,chips
.\dataset\test_a\PEQM6W769U.wav,chips
.\dataset\test_a\PEXOJGMADB.wav,grapes
.\dataset\test_a\PFDR3NS1P2.wav,salmon
.\dataset\test_a\PFIMYJS6MV.wav,gummies
.\dataset\test_a\PGFUKKHMBP.wav,fries
.\dataset\test_a\PHATKK1GE3.wav,fries
.\dataset\test_a\PHEP7SLJX3.wav,ribs
.\dataset\test_a\PHSASQ4VZJ.wav,pizza
.\dataset\test_a\PHZ2NURUHD.wav,chips
.\dataset\test_a\PIHMV4HCA7.wav,ribs
.\dataset\test_a\PIWGTR5R8A.wav,carrots
.\dataset\test_a\PIYGR9LCW0.wav,chips
.\dataset\test_a\PJ0TVUGXJA.wav,fries
.\dataset\test_a\PK6UDVURNQ.wav,pickles
.\dataset\test_a\PKS0ANNZVE.wav,cabbage
.\dataset\test_a\PL2YGDG5DW.wav,chips
.\dataset\test_a\PL9LAK3II1.wav,ice-cream
.\dataset\test_a\PLEJSEOGRH.wav,gummies
.\dataset\test_a\PLNQUA5W8B.wav,gummies
.\dataset\test_a\PM36301CKO.wav,pickles
.\dataset\test_a\PMJ8LBHMUJ.wav,ribs
.\dataset\test_a\POKTVPWHE8.wav,candied_fruits
.\dataset\test_a\POX17EA4NH.wav,burger
.\dataset\test_a\PQU5YYGK17.wav,ribs
.\dataset\test_a\PRIKTG58FC.wav,grapes
.\dataset\test_a\PS2WDWXTRC.wav,burger
.\dataset\test_a\PSNRFJNQ1M.wav,salmon
.\dataset\test_a\PSVOW8Y1Y1.wav,ribs
.\dataset\test_a\PSWBSOQE5L.wav,gummies
.\dataset\test_a\PSX8TOMEOP.wav,candied_fruits
.\dataset\test_a\PTA7BIL5DE.wav,jelly
.\dataset\test_a\PTOEXGVL3T.wav,burger
.\dataset\test_a\PUKAD4YOIS.wav,ribs
.\dataset\test_a\PV17QV0G9F.wav,gummies
.\dataset\test_a\PV1UFBII7M.wav,grapes
.\dataset\test_a\PVNQN1DHFM.wav,fries
.\dataset\test_a\PW7545YGBH.wav,ice-cream
.\dataset\test_a\PWN6E9FSN1.wav,gummies
.\dataset\test_a\PX8MNVJ8T6.wav,gummies
.\dataset\test_a\PXWWYUAB58.wav,drinks
.\dataset\test_a\PY25NZCCQL.wav,aloe
.\dataset\test_a\PYYK3S61SK.wav,burger
.\dataset\test_a\PZ5MWTHN10.wav,jelly
.\dataset\test_a\PZZ1KRC4TO.wav,ice-cream
.\dataset\test_a\Q09TCY7CL5.wav,soup
.\dataset\test_a\Q1HFUK27QX.wav,ribs
.\dataset\test_a\Q30D8T5K8T.wav,fries
.\dataset\test_a\Q3Z65LGPS6.wav,ice-cream
.\dataset\test_a\Q45Z7W8SS9.wav,gummies
.\dataset\test_a\Q53GWDCCM0.wav,candied_fruits
.\dataset\test_a\Q5L25DREUV.wav,pizza
.\dataset\test_a\Q6D3UR4PUO.wav,gummies
.\dataset\test_a\Q6KB1K5ORJ.wav,gummies
.\dataset\test_a\Q75HEHGTE3.wav,ribs
.\dataset\test_a\Q7SC33EF6T.wav,pizza
.\dataset\test_a\Q7XW73HFCA.wav,fries
.\dataset\test_a\Q8DLX7L7M7.wav,chips
.\dataset\test_a\Q8HCMILWHD.wav,ribs
.\dataset\test_a\Q8UD6N8C01.wav,wings
.\dataset\test_a\QAC9DYZX8Y.wav,wings
.\dataset\test_a\QBLMLJMVPU.wav,chips
.\dataset\test_a\QC3KXYUYR8.wav,salmon
.\dataset\test_a\QDAMV72TSU.wav,jelly
.\dataset\test_a\QDIRGU1E8H.wav,carrots
.\dataset\test_a\QDMKHLKTA3.wav,cabbage
.\dataset\test_a\QEK22ORPV6.wav,noodles
.\dataset\test_a\QEK2CPUVTX.wav,chips
.\dataset\test_a\QEPQYQGAHS.wav,noodles
.\dataset\test_a\QGT7MV9VVD.wav,candied_fruits
.\dataset\test_a\QI1DCOAK9M.wav,aloe
.\dataset\test_a\QI28WNRUAN.wav,soup
.\dataset\test_a\QIIHLPXN0J.wav,gummies
.\dataset\test_a\QJ47QNWA9F.wav,chips
.\dataset\test_a\QJDHHPMKMR.wav,grapes
.\dataset\test_a\QJRD9D6AOD.wav,chips
.\dataset\test_a\QJRWS01EFG.wav,burger
.\dataset\test_a\QK156PNRV1.wav,fries
.\dataset\test_a\QKMK3L8EHH.wav,pickles
.\dataset\test_a\QLEPXRNMM2.wav,soup
.\dataset\test_a\QLJGWN2KY9.wav,cabbage
.\dataset\test_a\QLKIOOXQTC.wav,ribs
.\dataset\test_a\QLQNTW9B75.wav,aloe
.\dataset\test_a\QMHCNZE514.wav,candied_fruits
.\dataset\test_a\QMKBWHRK4U.wav,pickles
.\dataset\test_a\QMP81ZAD3I.wav,noodles
.\dataset\test_a\QN3VYI735X.wav,ribs
.\dataset\test_a\QNSB45M9O2.wav,pizza
.\dataset\test_a\QNYDQ0BC69.wav,pickles
.\dataset\test_a\QO3SJMUYWQ.wav,jelly
.\dataset\test_a\QPBS8BX3HE.wav,burger
.\dataset\test_a\QQGFGZDEGO.wav,wings
.\dataset\test_a\QQJ3MAM5IH.wav,candied_fruits
.\dataset\test_a\QS256BZGFV.wav,jelly
.\dataset\test_a\QT9WI1IP7J.wav,gummies
.\dataset\test_a\QTFNMWN1VI.wav,fries
.\dataset\test_a\QU7WT6XQJ7.wav,chocolate
.\dataset\test_a\QVCFCQUS31.wav,pickles
.\dataset\test_a\QVTWZV72OE.wav,pizza
.\dataset\test_a\QWBNUQZYSI.wav,jelly
.\dataset\test_a\QWL3ZAH0D4.wav,grapes
.\dataset\test_a\QWXMNPPJU0.wav,jelly
.\dataset\test_a\QX5WQZSN4S.wav,pickles
.\dataset\test_a\QZJBUNKZF2.wav,fries
.\dataset\test_a\QZP09K5CBQ.wav,fries
.\dataset\test_a\R0ECU67SHT.wav,grapes
.\dataset\test_a\R0JYSMP4UG.wav,jelly
.\dataset\test_a\R1V3IWM696.wav,candied_fruits
.\dataset\test_a\R21CUF133I.wav,cabbage
.\dataset\test_a\R354NHYF31.wav,pizza
.\dataset\test_a\R4OODQ1FB0.wav,grapes
.\dataset\test_a\R7G52SFZ9K.wav,cabbage
.\dataset\test_a\R7YFEBZDXN.wav,grapes
.\dataset\test_a\R8ZQE3CF7F.wav,candied_fruits
.\dataset\test_a\R91ICBD2UH.wav,ice-cream
.\dataset\test_a\R9PXT05KU5.wav,pickles
.\dataset\test_a\RAB4SPYIBT.wav,ice-cream
.\dataset\test_a\RAFKAPT2IU.wav,pizza
.\dataset\test_a\RAQRVP9YP6.wav,gummies
.\dataset\test_a\RAZXG284J5.wav,ice-cream
.\dataset\test_a\RB5I78IUDO.wav,ribs
.\dataset\test_a\RBA1SYPJ1L.wav,chocolate
.\dataset\test_a\RE92XFKF4M.wav,burger
.\dataset\test_a\REH97IG2AC.wav,gummies
.\dataset\test_a\REZ7SXT3D8.wav,burger
.\dataset\test_a\RG6OLI636T.wav,gummies
.\dataset\test_a\RG7CFOZSFB.wav,ribs
.\dataset\test_a\RH7BE86TC2.wav,chips
.\dataset\test_a\RHEYMVL800.wav,grapes
.\dataset\test_a\RHF2LYX1QR.wav,gummies
.\dataset\test_a\RHQVDLVCIC.wav,gummies
.\dataset\test_a\RIGZVETQ1U.wav,chips
.\dataset\test_a\RII8INMFFO.wav,chips
.\dataset\test_a\RKV72TY3F4.wav,candied_fruits
.\dataset\test_a\RKY8ZMDSNB.wav,gummies
.\dataset\test_a\RLAFYZNX1C.wav,aloe
.\dataset\test_a\RLE48WNROX.wav,gummies
.\dataset\test_a\RLV1HRWHYP.wav,chocolate
.\dataset\test_a\RNVMUJHILS.wav,aloe
.\dataset\test_a\ROBQDQD7ET.wav,carrots
.\dataset\test_a\ROREF9A6JH.wav,gummies
.\dataset\test_a\ROXIJ5GOR9.wav,ice-cream
.\dataset\test_a\RPC7ZZECX9.wav,gummies
.\dataset\test_a\RPUW25SPLP.wav,ribs
.\dataset\test_a\RQXSCVG3BS.wav,chips
.\dataset\test_a\RR6BR0O8IC.wav,ice-cream
.\dataset\test_a\RR6J8RK9S6.wav,pizza
.\dataset\test_a\RRLLFSU5SW.wav,wings
.\dataset\test_a\RRTBXIHFQV.wav,ice-cream
.\dataset\test_a\RSXXWNWPFB.wav,soup
.\dataset\test_a\RTE6M237TV.wav,grapes
.\dataset\test_a\RTW503L3T8.wav,noodles
.\dataset\test_a\RU6TF4S25U.wav,grapes
.\dataset\test_a\RW2FJR47TB.wav,fries
.\dataset\test_a\RXH5ZO6Y70.wav,ribs
.\dataset\test_a\RXVCP1J2TP.wav,chocolate
.\dataset\test_a\RYEDP68B5R.wav,ice-cream
.\dataset\test_a\RYLAAWPZXL.wav,pizza
.\dataset\test_a\RYWBDYKIR0.wav,cabbage
.\dataset\test_a\RZ017FTRKY.wav,grapes
.\dataset\test_a\RZHONPWU0E.wav,fries
.\dataset\test_a\S0YC6P283P.wav,gummies
.\dataset\test_a\S1XOXVNLQA.wav,cabbage
.\dataset\test_a\S25VS4LGAK.wav,chips
.\dataset\test_a\S28ER3A78J.wav,grapes
.\dataset\test_a\S507AF1P1I.wav,candied_fruits
.\dataset\test_a\S53KHUARET.wav,burger
.\dataset\test_a\S650MROH9D.wav,grapes
.\dataset\test_a\S68QR89QHX.wav,ribs
.\dataset\test_a\S6C1DKV41F.wav,ribs
.\dataset\test_a\S7N9QXSB7C.wav,salmon
.\dataset\test_a\S9XA1KGKUZ.wav,candied_fruits
.\dataset\test_a\S9XWLVVZT0.wav,grapes
.\dataset\test_a\SAFKYEWISC.wav,cabbage
.\dataset\test_a\SARNTNP4DW.wav,ice-cream
.\dataset\test_a\SBCH8Y33AK.wav,candied_fruits
.\dataset\test_a\SCZWXXNWCE.wav,pizza
.\dataset\test_a\SDRK9KVYMK.wav,chips
.\dataset\test_a\SFWDWJA6WV.wav,pizza
.\dataset\test_a\SHALFCPJMO.wav,candied_fruits
.\dataset\test_a\SHV9NRO1PH.wav,pickles
.\dataset\test_a\SIAR9G27MU.wav,ice-cream
.\dataset\test_a\SILU7BRABN.wav,candied_fruits
.\dataset\test_a\SJAE3QD7TJ.wav,chips
.\dataset\test_a\SJANTNG0TJ.wav,pizza
.\dataset\test_a\SJUPBBC3J2.wav,ribs
.\dataset\test_a\SLXWISD2JR.wav,jelly
.\dataset\test_a\SN0ERMI8RG.wav,grapes
.\dataset\test_a\SP0WALI8EV.wav,aloe
.\dataset\test_a\SPX9CI6KT3.wav,wings
.\dataset\test_a\SQ7ZFQKKNQ.wav,gummies
.\dataset\test_a\SRLYH69L0K.wav,aloe
.\dataset\test_a\SS7OG3Y398.wav,ice-cream
.\dataset\test_a\SSZC8SCYF3.wav,gummies
.\dataset\test_a\STJDSZ7QFW.wav,ice-cream
.\dataset\test_a\STLKBN5VBH.wav,soup
.\dataset\test_a\STYVNZI67Z.wav,gummies
.\dataset\test_a\SU5QXUTDCZ.wav,chocolate
.\dataset\test_a\SURF7Y6OEC.wav,candied_fruits
.\dataset\test_a\SUXWIAGN3W.wav,aloe
.\dataset\test_a\SVIGBC5JR7.wav,candied_fruits
.\dataset\test_a\SVSPL2NLUP.wav,salmon
.\dataset\test_a\SWAP0H7KMF.wav,pickles
.\dataset\test_a\SXCRYZC0AE.wav,ribs
.\dataset\test_a\SXF8BV54T4.wav,wings
.\dataset\test_a\SXKCDD9ST5.wav,pizza
.\dataset\test_a\SXKYHEUORJ.wav,salmon
.\dataset\test_a\SXU6ZCUBAZ.wav,carrots
.\dataset\test_a\SYNZGEL75E.wav,gummies
.\dataset\test_a\SZD00NYYE2.wav,gummies
.\dataset\test_a\SZWHL4SDO0.wav,wings
.\dataset\test_a\T1K71ZI0GV.wav,ice-cream
.\dataset\test_a\T1T61NODXP.wav,chips
.\dataset\test_a\T26HLECHWO.wav,grapes
.\dataset\test_a\T2KQS1CYMX.wav,gummies
.\dataset\test_a\T2R8FPA8TY.wav,burger
.\dataset\test_a\T3QP0347YY.wav,fries
.\dataset\test_a\T3SNMC84Y6.wav,salmon
.\dataset\test_a\T4K3P4IGWQ.wav,candied_fruits
.\dataset\test_a\T4XGJA1YQ4.wav,salmon
.\dataset\test_a\T5GAXW5BT2.wav,noodles
.\dataset\test_a\T5X2YMR4NR.wav,aloe
.\dataset\test_a\T5YR1IXADF.wav,wings
.\dataset\test_a\T6AVTZA662.wav,noodles
.\dataset\test_a\T6BEDYQEIM.wav,noodles
.\dataset\test_a\T6JII3JGE2.wav,jelly
.\dataset\test_a\T7050FBRV6.wav,fries
.\dataset\test_a\T7XGFQHK37.wav,cabbage
.\dataset\test_a\T7XQM3IZNW.wav,ribs
.\dataset\test_a\T8LR4UKRN5.wav,pickles
.\dataset\test_a\T8YTU4C9C5.wav,aloe
.\dataset\test_a\T8ZCDDD6BH.wav,ice-cream
.\dataset\test_a\T95G5CQGFW.wav,carrots
.\dataset\test_a\T9Q56P0Y7V.wav,grapes
.\dataset\test_a\TABMDU8KOB.wav,gummies
.\dataset\test_a\TB14PPXPN3.wav,chips
.\dataset\test_a\TB7GUMO2ZC.wav,candied_fruits
.\dataset\test_a\TBMOIREH6V.wav,jelly
.\dataset\test_a\TC4LZ5KNO3.wav,salmon
.\dataset\test_a\TCDUCHNTLZ.wav,gummies
.\dataset\test_a\TCKZXE7HAV.wav,wings
.\dataset\test_a\TCMXPVNBZR.wav,gummies
.\dataset\test_a\TE5QDHFK44.wav,gummies
.\dataset\test_a\TEIHP4E9RU.wav,burger
.\dataset\test_a\TEJHVCF6HF.wav,gummies
.\dataset\test_a\TFH5CF3QS8.wav,pizza
.\dataset\test_a\TIYIB22QTG.wav,pizza
.\dataset\test_a\TKHA6DOY7F.wav,ice-cream
.\dataset\test_a\TKKBCJQN1U.wav,ice-cream
.\dataset\test_a\TKXJBUAJN5.wav,chocolate
.\dataset\test_a\TMH4FQRT8Z.wav,cabbage
.\dataset\test_a\TMZFWL9V7Z.wav,salmon
.\dataset\test_a\TN3YSO9STY.wav,salmon
.\dataset\test_a\TNCVCHQNM6.wav,pizza
.\dataset\test_a\TO0J01PNOP.wav,jelly
.\dataset\test_a\TP5DFCTW1Y.wav,ribs
.\dataset\test_a\TP953UWMHQ.wav,fries
.\dataset\test_a\TPNKQQBGG9.wav,grapes
.\dataset\test_a\TPVWQLRM3I.wav,grapes
.\dataset\test_a\TPX384K2XX.wav,carrots
.\dataset\test_a\TQ4G5W5W7O.wav,gummies
.\dataset\test_a\TS5KDII7YM.wav,chips
.\dataset\test_a\TTKLMVOLE8.wav,ribs
.\dataset\test_a\TTU3XKHBFJ.wav,pizza
.\dataset\test_a\TTWVRR1AG9.wav,ice-cream
.\dataset\test_a\TUT5BDFD5O.wav,ribs
.\dataset\test_a\TV2UCLDE64.wav,noodles
.\dataset\test_a\TWB7IEJO4P.wav,grapes
.\dataset\test_a\TWY127KTO3.wav,gummies
.\dataset\test_a\TZGCXDZ9PV.wav,candied_fruits
.\dataset\test_a\TZHGJ9E1AQ.wav,fries
.\dataset\test_a\U09RU6OEY2.wav,chips
.\dataset\test_a\U0HRWH8W1J.wav,grapes
.\dataset\test_a\U1CDRUIA2R.wav,gummies
.\dataset\test_a\U2S1OP41ML.wav,carrots
.\dataset\test_a\U3CB6EWO6F.wav,burger
.\dataset\test_a\U55NHGDZPR.wav,carrots
.\dataset\test_a\U5JDJKDKI3.wav,ribs
.\dataset\test_a\U5N6QNE8RO.wav,chocolate
.\dataset\test_a\U63JKZYAFY.wav,gummies
.\dataset\test_a\U683VPEFED.wav,candied_fruits
.\dataset\test_a\U6N3DXX908.wav,ice-cream
.\dataset\test_a\U757ATMTAR.wav,pizza
.\dataset\test_a\U815EL8M0T.wav,pickles
.\dataset\test_a\U99FTER419.wav,chocolate
.\dataset\test_a\U9VUUSBWXF.wav,grapes
.\dataset\test_a\UA93FI1819.wav,salmon
.\dataset\test_a\UBK4LFXBTL.wav,candied_fruits
.\dataset\test_a\UC7OEUW1ZE.wav,ribs
.\dataset\test_a\UCU0C42YCZ.wav,carrots
.\dataset\test_a\UD27D76N3E.wav,ribs
.\dataset\test_a\UDFL2SM0OA.wav,pickles
.\dataset\test_a\UFJJI25PYR.wav,gummies
.\dataset\test_a\UFNC5CIUAA.wav,jelly
.\dataset\test_a\UH3DE1XE41.wav,pizza
.\dataset\test_a\UH3O9HXOIB.wav,aloe
.\dataset\test_a\UHSS3OSH12.wav,chips
.\dataset\test_a\UIT23BLYI1.wav,salmon
.\dataset\test_a\UIT833LMTL.wav,carrots
.\dataset\test_a\UJ493OS6FR.wav,pizza
.\dataset\test_a\UKXD3KDLZ0.wav,chips
.\dataset\test_a\ULWP83W8MF.wav,grapes
.\dataset\test_a\UMB90JXFL2.wav,noodles
.\dataset\test_a\UMBA07K6TC.wav,grapes
.\dataset\test_a\UMNJZDA7I2.wav,chips
.\dataset\test_a\UNL8E1IQZA.wav,carrots
.\dataset\test_a\UO0PGDMGIL.wav,grapes
.\dataset\test_a\UOMOXLVBPV.wav,jelly
.\dataset\test_a\UQ2AFHISL4.wav,gummies
.\dataset\test_a\UQL4C1PFS5.wav,gummies
.\dataset\test_a\UR7LYFSLZ2.wav,chips
.\dataset\test_a\US2BP9M2HT.wav,noodles
.\dataset\test_a\USSTP736BO.wav,pizza
.\dataset\test_a\UU0WH9P5M8.wav,fries
.\dataset\test_a\UVI3WRYFSE.wav,fries
.\dataset\test_a\UVNFUPISLK.wav,ribs
.\dataset\test_a\UWJP95TG7R.wav,gummies
.\dataset\test_a\UWW78OAW0Y.wav,jelly
.\dataset\test_a\UXRO8G86R2.wav,wings
.\dataset\test_a\UY7F9KSKTP.wav,candied_fruits
.\dataset\test_a\UYTN8Y40XI.wav,gummies
.\dataset\test_a\V09KKWPYFD.wav,chips
.\dataset\test_a\V0UBNL400K.wav,aloe
.\dataset\test_a\V1MMWEP7VY.wav,candied_fruits
.\dataset\test_a\V3F1P5HWHA.wav,gummies
.\dataset\test_a\V3JA4A8JMP.wav,soup
.\dataset\test_a\V3TZVY8SAO.wav,ice-cream
.\dataset\test_a\V54G28DVVM.wav,grapes
.\dataset\test_a\V54VUWUJPP.wav,pizza
.\dataset\test_a\V64PY7MU7P.wav,jelly
.\dataset\test_a\V6S13XUCR1.wav,pizza
.\dataset\test_a\V89O4O9S1K.wav,carrots
.\dataset\test_a\V8DBSI6B4O.wav,pizza
.\dataset\test_a\V9437JJ1B8.wav,gummies
.\dataset\test_a\V9A67TZ9RF.wav,cabbage
.\dataset\test_a\V9SIIA1VNC.wav,drinks
.\dataset\test_a\V9YUTRP08T.wav,ribs
.\dataset\test_a\VA0JF0E1Z2.wav,jelly
.\dataset\test_a\VAFBZBXYL1.wav,fries
.\dataset\test_a\VAIUBDTOU6.wav,salmon
.\dataset\test_a\VB7F3AC1IC.wav,soup
.\dataset\test_a\VBXIS17UP3.wav,gummies
.\dataset\test_a\VC3QFQFADS.wav,burger
.\dataset\test_a\VDA0PN77I6.wav,fries
.\dataset\test_a\VEKTRADXLD.wav,fries
.\dataset\test_a\VETULHLD2F.wav,chips
.\dataset\test_a\VFH2SMB1RC.wav,candied_fruits
.\dataset\test_a\VFMCVSEBWW.wav,cabbage
.\dataset\test_a\VFULE4WV99.wav,ribs
.\dataset\test_a\VGFX57PXOE.wav,jelly
.\dataset\test_a\VHST3X01OG.wav,carrots
.\dataset\test_a\VI2VQBR7IZ.wav,salmon
.\dataset\test_a\VI3UWCRF9B.wav,chips
.\dataset\test_a\VIABO7ON4V.wav,pizza
.\dataset\test_a\VIHHV97POC.wav,ribs
.\dataset\test_a\VILFOBIN6N.wav,wings
.\dataset\test_a\VJ3W53FHPP.wav,gummies
.\dataset\test_a\VK46S5206X.wav,ice-cream
.\dataset\test_a\VKKO8RE04N.wav,fries
.\dataset\test_a\VKSCBEZ32I.wav,fries
.\dataset\test_a\VLVGPQIBOJ.wav,gummies
.\dataset\test_a\VMP6ME9FLT.wav,cabbage
.\dataset\test_a\VNARHQ08AM.wav,candied_fruits
.\dataset\test_a\VNPZOUAUMO.wav,ribs
.\dataset\test_a\VOTCHJ8T7Q.wav,pizza
.\dataset\test_a\VOV94CM7UH.wav,ribs
.\dataset\test_a\VPW2YSXBD9.wav,pickles
.\dataset\test_a\VQ68GHG1OO.wav,gummies
.\dataset\test_a\VQDQD8X6JE.wav,fries
.\dataset\test_a\VQPBQ6EPRN.wav,gummies
.\dataset\test_a\VR2TP1656N.wav,chips
.\dataset\test_a\VS5TN5WOR0.wav,grapes
.\dataset\test_a\VU1V3WBDNG.wav,ice-cream
.\dataset\test_a\VU6EZ6DV2R.wav,chocolate
.\dataset\test_a\VUO55DILR7.wav,candied_fruits
.\dataset\test_a\VVJI4HUGY5.wav,noodles
.\dataset\test_a\VVVEXD6OKI.wav,pizza
.\dataset\test_a\VW9XITBMNA.wav,candied_fruits
.\dataset\test_a\VWC4J8SZDC.wav,chips
.\dataset\test_a\VWGTFG7Q67.wav,noodles
.\dataset\test_a\VYQ6BHPRX4.wav,gummies
.\dataset\test_a\VZA0O3BR5Y.wav,fries
.\dataset\test_a\VZJ8PCF1YG.wav,grapes
.\dataset\test_a\VZPH6OITJ9.wav,burger
.\dataset\test_a\W1Q1XPP3OL.wav,gummies
.\dataset\test_a\W1Q8QWEXAW.wav,cabbage
.\dataset\test_a\W36MMLSSSN.wav,pickles
.\dataset\test_a\W3OMH94GJ9.wav,jelly
.\dataset\test_a\W3RVPSHCTQ.wav,wings
.\dataset\test_a\W4VDWOX7SE.wav,ice-cream
.\dataset\test_a\W5MLP08O22.wav,pickles
.\dataset\test_a\W8PWUJC4CW.wav,ice-cream
.\dataset\test_a\W907ZOWDIE.wav,chips
.\dataset\test_a\W9KXTWL1PT.wav,pickles
.\dataset\test_a\WAWNSSIETT.wav,jelly
.\dataset\test_a\WBXX963ZXR.wav,burger
.\dataset\test_a\WCKMWUA1AR.wav,carrots
.\dataset\test_a\WCN04BOPKQ.wav,carrots
.\dataset\test_a\WCR7CZWRRR.wav,jelly
.\dataset\test_a\WDGV58M0HH.wav,jelly
.\dataset\test_a\WDNQCPRESF.wav,cabbage
.\dataset\test_a\WEMH5B2AKL.wav,noodles
.\dataset\test_a\WEZSFQGDNS.wav,candied_fruits
.\dataset\test_a\WGEJMCY336.wav,fries
.\dataset\test_a\WHAQVJ6V52.wav,candied_fruits
.\dataset\test_a\WHTDSYDI4Z.wav,chips
.\dataset\test_a\WI0K28SIO1.wav,gummies
.\dataset\test_a\WID1DY96VR.wav,fries
.\dataset\test_a\WINQO7UWL0.wav,pizza
.\dataset\test_a\WIUAN8CCJO.wav,ribs
.\dataset\test_a\WJ5HRVA9VK.wav,gummies
.\dataset\test_a\WJAQPDH6EM.wav,carrots
.\dataset\test_a\WK999O6AJ1.wav,gummies
.\dataset\test_a\WKALFMVNVJ.wav,gummies
.\dataset\test_a\WKEYMRCZKH.wav,aloe
.\dataset\test_a\WKXRO8HGVX.wav,salmon
.\dataset\test_a\WLSD71E5PO.wav,salmon
.\dataset\test_a\WM3H8BXILZ.wav,carrots
.\dataset\test_a\WNX6EZ767Q.wav,ribs
.\dataset\test_a\WQ6KQ662RI.wav,fries
.\dataset\test_a\WQO2I93Q28.wav,salmon
.\dataset\test_a\WQT9O8OQWB.wav,chips
.\dataset\test_a\WU1JAXRNCN.wav,chocolate
.\dataset\test_a\WUM8SX5Y8Q.wav,ribs
.\dataset\test_a\WUY41IHEKK.wav,aloe
.\dataset\test_a\WV1O1N1RPI.wav,ribs
.\dataset\test_a\WV4VIQEU5H.wav,salmon
.\dataset\test_a\WVAYF47OOV.wav,fries
.\dataset\test_a\WVB5XW19WN.wav,ribs
.\dataset\test_a\WVKFKOER7O.wav,chips
.\dataset\test_a\WVMC5G56B9.wav,ice-cream
.\dataset\test_a\WXDKDTHVEJ.wav,gummies
.\dataset\test_a\WXGZ12ZE3W.wav,burger
.\dataset\test_a\WY0HAT3HT2.wav,grapes
.\dataset\test_a\WY1F5GX59V.wav,chocolate
.\dataset\test_a\WYG98426TO.wav,burger
.\dataset\test_a\WYLC2Y636F.wav,ribs
.\dataset\test_a\WZ8BYS2SA0.wav,carrots
.\dataset\test_a\X2KAV4C7N3.wav,pickles
.\dataset\test_a\X3TYES8ZGI.wav,burger
.\dataset\test_a\X53LSK05KN.wav,gummies
.\dataset\test_a\X5SN9I9ZKO.wav,carrots
.\dataset\test_a\X6BYEY2H0G.wav,drinks
.\dataset\test_a\X6VDPD2YJC.wav,soup
.\dataset\test_a\X6WTTW6WPC.wav,aloe
.\dataset\test_a\X8BOYWSWVQ.wav,burger
.\dataset\test_a\X8F0XAPV15.wav,noodles
.\dataset\test_a\X93YG28CB1.wav,aloe
.\dataset\test_a\X962DW2HHG.wav,chips
.\dataset\test_a\X9ERMYG3AT.wav,pizza
.\dataset\test_a\XA5BFNFV6R.wav,chocolate
.\dataset\test_a\XB36QRNACO.wav,fries
.\dataset\test_a\XBF8ZUL2KK.wav,pizza
.\dataset\test_a\XBGNWEWSGX.wav,ribs
.\dataset\test_a\XBYA4WXA0P.wav,candied_fruits
.\dataset\test_a\XDU1DTX54W.wav,salmon
.\dataset\test_a\XE6DY284Q3.wav,cabbage
.\dataset\test_a\XEBFS59AZL.wav,pizza
.\dataset\test_a\XEE31ABH06.wav,pizza
.\dataset\test_a\XFB8GPXN5C.wav,noodles
.\dataset\test_a\XGIY7JPJA9.wav,ice-cream
.\dataset\test_a\XGJY0RGE1H.wav,noodles
.\dataset\test_a\XGUB9HBADO.wav,burger
.\dataset\test_a\XHA7L6ZUET.wav,cabbage
.\dataset\test_a\XHTA4V4JCH.wav,gummies
.\dataset\test_a\XINCB0DKB8.wav,candied_fruits
.\dataset\test_a\XIVH7MSO3G.wav,carrots
.\dataset\test_a\XJ29F1934P.wav,gummies
.\dataset\test_a\XK44RAHY86.wav,grapes
.\dataset\test_a\XKG19M9QA2.wav,carrots
.\dataset\test_a\XLD89YO691.wav,ribs
.\dataset\test_a\XLKWMFSF0S.wav,burger
.\dataset\test_a\XLYG2I9AMH.wav,ribs
.\dataset\test_a\XMHW8J1MDE.wav,aloe
.\dataset\test_a\XN58TMJB1I.wav,salmon
.\dataset\test_a\XNVPMJWX8X.wav,salmon
.\dataset\test_a\XOHY815Q5X.wav,jelly
.\dataset\test_a\XPMJTO0K6U.wav,grapes
.\dataset\test_a\XQ8HWAIN9G.wav,ribs
.\dataset\test_a\XRJ87I3WLF.wav,fries
.\dataset\test_a\XS0ME31CSN.wav,fries
.\dataset\test_a\XS37EYH8WV.wav,ribs
.\dataset\test_a\XU0V0DJ7NB.wav,noodles
.\dataset\test_a\XVAA9Z5AJA.wav,aloe
.\dataset\test_a\XVBFT2FH8S.wav,fries
.\dataset\test_a\XVF04MZVQH.wav,gummies
.\dataset\test_a\XVO2SKSSFA.wav,salmon
.\dataset\test_a\XVTL6ZPJ4T.wav,pizza
.\dataset\test_a\XW59VZIA88.wav,pickles
.\dataset\test_a\XWW3QE0I7S.wav,ribs
.\dataset\test_a\XX6S9TCS58.wav,grapes
.\dataset\test_a\XXN8MAAA99.wav,chocolate
.\dataset\test_a\XXXWQ8NG0D.wav,pizza
.\dataset\test_a\XZIEQIA734.wav,fries
.\dataset\test_a\Y09KZ8PA6E.wav,chocolate
.\dataset\test_a\Y2T9L9WN35.wav,grapes
.\dataset\test_a\Y2W6WAO6TC.wav,carrots
.\dataset\test_a\Y3EY5AGNG7.wav,candied_fruits
.\dataset\test_a\Y7JK4N8ZM5.wav,chocolate
.\dataset\test_a\Y7PWJCA9G6.wav,ribs
.\dataset\test_a\Y83RCZDTSF.wav,jelly
.\dataset\test_a\Y8AQLGB6LR.wav,grapes
.\dataset\test_a\Y8QQ2LITUA.wav,grapes
.\dataset\test_a\Y9JKRAQF0T.wav,jelly
.\dataset\test_a\Y9L1F1NAOP.wav,candied_fruits
.\dataset\test_a\YB3HA6TZQH.wav,soup
.\dataset\test_a\YB89VLFRNR.wav,chips
.\dataset\test_a\YCLBJKS6V7.wav,grapes
.\dataset\test_a\YCLU4Q5P4H.wav,pizza
.\dataset\test_a\YCSH3EN2BI.wav,noodles
.\dataset\test_a\YCU6J4X8EW.wav,carrots
.\dataset\test_a\YDU0G39MI0.wav,burger
.\dataset\test_a\YE018TQ5ER.wav,grapes
.\dataset\test_a\YG20SLBLLS.wav,gummies
.\dataset\test_a\YGG96YIKGX.wav,chocolate
.\dataset\test_a\YKK1G6FDK6.wav,salmon
.\dataset\test_a\YLZSB2L12G.wav,candied_fruits
.\dataset\test_a\YND7KR7FYM.wav,gummies
.\dataset\test_a\YOALJ1S7KS.wav,pizza
.\dataset\test_a\YOTYKGMB7C.wav,ice-cream
.\dataset\test_a\YOWNO9LYKM.wav,carrots
.\dataset\test_a\YOZT9G39OL.wav,soup
.\dataset\test_a\YPRDZP1J34.wav,candied_fruits
.\dataset\test_a\YQKSU8NOMA.wav,salmon
.\dataset\test_a\YQLC7WC6ZW.wav,ribs
.\dataset\test_a\YRGDRYGRD2.wav,pizza
.\dataset\test_a\YS4UO7KLO4.wav,chips
.\dataset\test_a\YS8AD3BG3E.wav,gummies
.\dataset\test_a\YTMJIU9S74.wav,ribs
.\dataset\test_a\YU9DZJGYXA.wav,ice-cream
.\dataset\test_a\YVM9VNL4E4.wav,ribs
.\dataset\test_a\YVS71RVF0E.wav,ice-cream
.\dataset\test_a\YW5WWLOM8F.wav,carrots
.\dataset\test_a\YWDPWWKZLF.wav,carrots
.\dataset\test_a\YYNGNFPV1S.wav,grapes
.\dataset\test_a\YZ5ZSCOMGA.wav,ice-cream
.\dataset\test_a\YZ8H1P8HT2.wav,cabbage
.\dataset\test_a\YZT94MCVHA.wav,carrots
.\dataset\test_a\Z0NIANFK4K.wav,burger
.\dataset\test_a\Z11ZKAGY9R.wav,noodles
.\dataset\test_a\Z1TFO2WBOW.wav,gummies
.\dataset\test_a\Z3I638EKTY.wav,salmon
.\dataset\test_a\Z4AKM6UKIL.wav,jelly
.\dataset\test_a\Z51FJVPIGT.wav,pizza
.\dataset\test_a\Z6X96D0SXS.wav,ice-cream
.\dataset\test_a\Z7RW9UKSNQ.wav,fries
.\dataset\test_a\Z8FWUB6Y03.wav,burger
.\dataset\test_a\Z8I1GFA7PZ.wav,carrots
.\dataset\test_a\Z8O98QD34W.wav,carrots
.\dataset\test_a\Z8VDWML6LE.wav,drinks
.\dataset\test_a\Z8VJ0BX9HW.wav,wings
.\dataset\test_a\Z9EGJ00MNA.wav,burger
.\dataset\test_a\ZA6B1K0CJC.wav,burger
.\dataset\test_a\ZBL5DN4FRE.wav,candied_fruits
.\dataset\test_a\ZBTQMHORCX.wav,grapes
.\dataset\test_a\ZBZTO66VEB.wav,chips
.\dataset\test_a\ZCGWDA15SC.wav,candied_fruits
.\dataset\test_a\ZCLPOI2EMS.wav,ribs
.\dataset\test_a\ZCW7XDE2TE.wav,drinks
.\dataset\test_a\ZE7X9R5R0D.wav,jelly
.\dataset\test_a\ZE8FTXV64O.wav,ribs
.\dataset\test_a\ZE9PUNQJWP.wav,pickles
.\dataset\test_a\ZEYJHN66I8.wav,chips
.\dataset\test_a\ZFJGXNLIX5.wav,pickles
.\dataset\test_a\ZG8E4DAIOW.wav,grapes
.\dataset\test_a\ZGA953M5ZV.wav,candied_fruits
.\dataset\test_a\ZIBFJRY6Y0.wav,grapes
.\dataset\test_a\ZITP2UPHLW.wav,salmon
.\dataset\test_a\ZJHFL6SAKP.wav,carrots
.\dataset\test_a\ZJHS4WAFLK.wav,wings
.\dataset\test_a\ZJQSF29QVG.wav,ribs
.\dataset\test_a\ZKNAMU38YA.wav,gummies
.\dataset\test_a\ZKYNBIW5LL.wav,pizza
.\dataset\test_a\ZLN1ISWKAO.wav,wings
.\dataset\test_a\ZLPJR9U2IC.wav,jelly
.\dataset\test_a\ZLY7VBIXF7.wav,burger
.\dataset\test_a\ZMIY4VFQ11.wav,burger
.\dataset\test_a\ZN5GWDB907.wav,grapes
.\dataset\test_a\ZNMCTFDU4Y.wav,carrots
.\dataset\test_a\ZNR7MPFS0K.wav,ice-cream
.\dataset\test_a\ZPL8S1W9EM.wav,cabbage
.\dataset\test_a\ZPU6MHNQJ4.wav,pizza
.\dataset\test_a\ZQVG1AP513.wav,gummies
.\dataset\test_a\ZR4LI2XL1Q.wav,grapes
.\dataset\test_a\ZTI6PSHDPU.wav,ribs
.\dataset\test_a\ZUQB8PXG5H.wav,aloe
.\dataset\test_a\ZVKIE8R4Q1.wav,carrots
.\dataset\test_a\ZWM7W31HAO.wav,grapes
.\dataset\test_a\ZWS9DKX8D1.wav,ice-cream
.\dataset\test_a\ZX2BSZPBX4.wav,noodles
.\dataset\test_a\ZZCWS6PJT5.wav,gummies
.\dataset\test_a\ZZXODIF93X.wav,salmon
